,timepoint,cloudcover,highcloud,midcloud,lowcloud,rh_profile,wind_profile,temp2m,lifted_index,rh2m,msl_pressure,prec_type,prec_amount,snow_depth,wind10m.direction,wind10m.speed,country
0,3,8,-9999,-9999,-9999,"[{'layer': '950mb', 'rh': 15}, {'layer': '900mb', 'rh': 12}, {'layer': '850mb', 'rh': 10}, {'layer': '800mb', 'rh': 9}, {'layer': '750mb', 'rh': 1}, {'layer': '700mb', 'rh': -2}, {'layer': '650mb', 'rh': -3}, {'layer': '600mb', 'rh': -3}, {'layer': '550mb', 'rh': -2}, {'layer': '500mb', 'rh': -3}, {'layer': '450mb', 'rh': -3}, {'layer': '400mb', 'rh': -3}, {'layer': '350mb', 'rh': -3}, {'layer': '300mb', 'rh': -2}, {'layer': '250mb', 'rh': -2}, {'layer': '200mb', 'rh': 0}]","[{'layer': '950mb', 'direction': 85, 'speed': 3}, {'layer': '900mb', 'direction': 85, 'speed': 4}, {'layer': '850mb', 'direction': 85, 'speed': 4}, {'layer': '800mb', 'direction': 85, 'speed': 4}, {'layer': '750mb', 'direction': 70, 'speed': 3}, {'layer': '700mb', 'direction': 70, 'speed': 3}, {'layer': '650mb', 'direction': 90, 'speed': 2}, {'layer': '600mb', 'direction': 280, 'speed': 2}, {'layer': '550mb', 'direction': 275, 'speed': 3}, {'layer': '500mb', 'direction': 295, 'speed': 3}, {'layer': '450mb', 'direction': 280, 'speed': 5}, {'layer': '400mb', 'direction': 270, 'speed': 4}, {'layer': '350mb', 'direction': 295, 'speed': 3}, {'layer': '300mb', 'direction': 245, 'speed': 2}, {'layer': '250mb', 'direction': 290, 'speed': 4}, {'layer': '200mb', 'direction': 295, 'speed': 6}]",25,-1,12,1010,none,1,0,105,3,Papua New Guinea
1,6,6,-9999,-9999,-9999,"[{'layer': '950mb', 'rh': 14}, {'layer': '900mb', 'rh': 11}, {'layer': '850mb', 'rh': 8}, {'layer': '800mb', 'rh': 6}, {'layer': '750mb', 'rh': 1}, {'layer': '700mb', 'rh': -2}, {'layer': '650mb', 'rh': -3}, {'layer': '600mb', 'rh': -4}, {'layer': '550mb', 'rh': -3}, {'layer': '500mb', 'rh': -3}, {'layer': '450mb', 'rh': -3}, {'layer': '400mb', 'rh': -3}, {'layer': '350mb', 'rh': -3}, {'layer': '300mb', 'rh': -2}, {'layer': '250mb', 'rh': -1}, {'layer': '200mb', 'rh': 1}]","[{'layer': '950mb', 'direction': 85, 'speed': 4}, {'layer': '900mb', 'direction': 85, 'speed': 4}, {'layer': '850mb', 'direction': 90, 'speed': 4}, {'layer': '800mb', 'direction': 85, 'speed': 4}, {'layer': '750mb', 'direction': 75, 'speed': 4}, {'layer': '700mb', 'direction': 85, 'speed': 3}, {'layer': '650mb', 'direction': 130, 'speed': 2}, {'layer': '600mb', 'direction': 245, 'speed': 2}, {'layer': '550mb', 'direction': 290, 'speed': 3}, {'layer': '500mb', 'direction': 290, 'speed': 3}, {'layer': '450mb', 'direction': 270, 'speed': 5}, {'layer': '400mb', 'direction': 275, 'speed': 4}, {'layer': '350mb', 'direction': 310, 'speed': 3}, {'layer': '300mb', 'direction': 275, 'speed': 3}, {'layer': '250mb', 'direction': 255, 'speed': 3}, {'layer': '200mb', 'direction': 295, 'speed': 6}]",26,-1,12,1012,none,1,0,85,3,Papua New Guinea
2,9,3,-9999,-9999,-9999,"[{'layer': '950mb', 'rh': 14}, {'layer': '900mb', 'rh': 8}, {'layer': '850mb', 'rh': 7}, {'layer': '800mb', 'rh': 6}, {'layer': '750mb', 'rh': 2}, {'layer': '700mb', 'rh': -2}, {'layer': '650mb', 'rh': -3}, {'layer': '600mb', 'rh': -3}, {'layer': '550mb', 'rh': -4}, {'layer': '500mb', 'rh': -4}, {'layer': '450mb', 'rh': -3}, {'layer': '400mb', 'rh': -3}, {'layer': '350mb', 'rh': -3}, {'layer': '300mb', 'rh': -2}, {'layer': '250mb', 'rh': -1}, {'layer': '200mb', 'rh': 1}]","[{'layer': '950mb', 'direction': 80, 'speed': 4}, {'layer': '900mb', 'direction': 80, 'speed': 4}, {'layer': '850mb', 'direction': 80, 'speed': 4}, {'layer': '800mb', 'direction': 80, 'speed': 4}, {'layer': '750mb', 'direction': 80, 'speed': 4}, {'layer': '700mb', 'direction': 85, 'speed': 3}, {'layer': '650mb', 'direction': 135, 'speed': 2}, {'layer': '600mb', 'direction': 230, 'speed': 2}, {'layer': '550mb', 'direction': 300, 'speed': 2}, {'layer': '500mb', 'direction': 280, 'speed': 3}, {'layer': '450mb', 'direction': 280, 'speed': 5}, {'layer': '400mb', 'direction': 285, 'speed': 3}, {'layer': '350mb', 'direction': 300, 'speed': 3}, {'layer': '300mb', 'direction': 280, 'speed': 3}, {'layer': '250mb', 'direction': 270, 'speed': 3}, {'layer': '200mb', 'direction': 285, 'speed': 6}]",26,2,11,1010,none,1,0,75,3,Papua New Guinea
3,12,2,-9999,-9999,-9999,"[{'layer': '950mb', 'rh': 14}, {'layer': '900mb', 'rh': 8}, {'layer': '850mb', 'rh': 7}, {'layer': '800mb', 'rh': 4}, {'layer': '750mb', 'rh': 1}, {'layer': '700mb', 'rh': -2}, {'layer': '650mb', 'rh': -3}, {'layer': '600mb', 'rh': -3}, {'layer': '550mb', 'rh': -3}, {'layer': '500mb', 'rh': -3}, {'layer': '450mb', 'rh': -3}, {'layer': '400mb', 'rh': -3}, {'layer': '350mb', 'rh': -3}, {'layer': '300mb', 'rh': -3}, {'layer': '250mb', 'rh': 2}, {'layer': '200mb', 'rh': 0}]","[{'layer': '950mb', 'direction': 80, 'speed': 4}, {'layer': '900mb', 'direction': 80, 'speed': 4}, {'layer': '850mb', 'direction': 80, 'speed': 4}, {'layer': '800mb', 'direction': 75, 'speed': 4}, {'layer': '750mb', 'direction': 70, 'speed': 4}, {'layer': '700mb', 'direction': 75, 'speed': 3}, {'layer': '650mb', 'direction': 130, 'speed': 2}, {'layer': '600mb', 'direction': 220, 'speed': 3}, {'layer': '550mb', 'direction': 240, 'speed': 2}, {'layer': '500mb', 'direction': 255, 'speed': 3}, {'layer': '450mb', 'direction': 285, 'speed': 5}, {'layer': '400mb', 'direction': 265, 'speed': 3}, {'layer': '350mb', 'direction': 280, 'speed': 4}, {'layer': '300mb', 'direction': 240, 'speed': 3}, {'layer': '250mb', 'direction': 285, 'speed': 5}, {'layer': '200mb', 'direction': 275, 'speed': 6}]",26,2,11,1008,none,1,0,75,3,Papua New Guinea
4,15,1,-9999,-9999,-9999,"[{'layer': '950mb', 'rh': 13}, {'layer': '900mb', 'rh': 8}, {'layer': '850mb', 'rh': 6}, {'layer': '800mb', 'rh': 3}, {'layer': '750mb', 'rh': 1}, {'layer': '700mb', 'rh': -2}, {'layer': '650mb', 'rh': -3}, {'layer': '600mb', 'rh': -3}, {'layer': '550mb', 'rh': -4}, {'layer': '500mb', 'rh': -3}, {'layer': '450mb', 'rh': -3}, {'layer': '400mb', 'rh': -3}, {'layer': '350mb', 'rh': -3}, {'layer': '300mb', 'rh': -2}, {'layer': '250mb', 'rh': 3}, {'layer': '200mb', 'rh': 0}]","[{'layer': '950mb', 'direction': 75, 'speed': 4}, {'layer': '900mb', 'direction': 80, 'speed': 4}, {'layer': '850mb', 'direction': 80, 'speed': 4}, {'layer': '800mb', 'direction': 75, 'speed': 4}, {'layer': '750mb', 'direction': 70, 'speed': 4}, {'layer': '700mb', 'direction': 75, 'speed': 3}, {'layer': '650mb', 'direction': 150, 'speed': 2}, {'layer': '600mb', 'direction': 215, 'speed': 3}, {'layer': '550mb', 'direction': 230, 'speed': 3}, {'layer': '500mb', 'direction': 255, 'speed': 4}, {'layer': '450mb', 'direction': 280, 'speed': 5}, {'layer': '400mb', 'direction': 265, 'speed': 3}, {'layer': '350mb', 'direction': 265, 'speed': 4}, {'layer': '300mb', 'direction': 260, 'speed': 4}, {'layer': '250mb', 'direction': 265, 'speed': 5}, {'layer': '200mb', 'direction': 275, 'speed': 6}]",26,-1,12,1008,none,1,0,75,3,Papua New Guinea
5,18,1,-9999,-9999,-9999,"[{'layer': '950mb', 'rh': 13}, {'layer': '900mb', 'rh': 7}, {'layer': '850mb', 'rh': 6}, {'layer': '800mb', 'rh': 3}, {'layer': '750mb', 'rh': 0}, {'layer': '700mb', 'rh': -2}, {'layer': '650mb', 'rh': -3}, {'layer': '600mb', 'rh': -3}, {'layer': '550mb', 'rh': -4}, {'layer': '500mb', 'rh': -4}, {'layer': '450mb', 'rh': -3}, {'layer': '400mb', 'rh': -4}, {'layer': '350mb', 'rh': -2}, {'layer': '300mb', 'rh': 0}, {'layer': '250mb', 'rh': 7}, {'layer': '200mb', 'rh': -1}]","[{'layer': '950mb', 'direction': 80, 'speed': 4}, {'layer': '900mb', 'direction': 75, 'speed': 5}, {'layer': '850mb', 'direction': 75, 'speed': 5}, {'layer': '800mb', 'direction': 70, 'speed': 4}, {'layer': '750mb', 'direction': 65, 'speed': 4}, {'layer': '700mb', 'direction': 65, 'speed': 3}, {'layer': '650mb', 'direction': 140, 'speed': 2}, {'layer': '600mb', 'direction': 210, 'speed': 3}, {'layer': '550mb', 'direction': 230, 'speed': 3}, {'layer': '500mb', 'direction': 270, 'speed': 4}, {'layer': '450mb', 'direction': 265, 'speed': 4}, {'layer': '400mb', 'direction': 280, 'speed': 4}, {'layer': '350mb', 'direction': 275, 'speed': 5}, {'layer': '300mb', 'direction': 250, 'speed': 5}, {'layer': '250mb', 'direction': 265, 'speed': 5}, {'layer': '200mb', 'direction': 270, 'speed': 6}]",26,2,12,1011,none,1,0,75,3,Papua New Guinea
6,21,4,-9999,-9999,-9999,"[{'layer': '950mb', 'rh': 14}, {'layer': '900mb', 'rh': 11}, {'layer': '850mb', 'rh': 10}, {'layer': '800mb', 'rh': 5}, {'layer': '750mb', 'rh': -1}, {'layer': '700mb', 'rh': -2}, {'layer': '650mb', 'rh': -3}, {'layer': '600mb', 'rh': -3}, {'layer': '550mb', 'rh': -3}, {'layer': '500mb', 'rh': -3}, {'layer': '450mb', 'rh': -3}, {'layer': '400mb', 'rh': -3}, {'layer': '350mb', 'rh': -2}, {'layer': '300mb', 'rh': -2}, {'layer': '250mb', 'rh': 0}, {'layer': '200mb', 'rh': 2}]","[{'layer': '950mb', 'direction': 80, 'speed': 4}, {'layer': '900mb', 'direction': 75, 'speed': 5}, {'layer': '850mb', 'direction': 75, 'speed': 4}, {'layer': '800mb', 'direction': 75, 'speed': 4}, {'layer': '750mb', 'direction': 70, 'speed': 3}, {'layer': '700mb', 'direction': 60, 'speed': 3}, {'layer': '650mb', 'direction': 90, 'speed': 2}, {'layer': '600mb', 'direction': 205, 'speed': 3}, {'layer': '550mb', 'direction': 235, 'speed': 3}, {'layer': '500mb', 'direction': 260, 'speed': 4}, {'layer': '450mb', 'direction': 270, 'speed': 4}, {'layer': '400mb', 'direction': 270, 'speed': 5}, {'layer': '350mb', 'direction': 275, 'speed': 5}, {'layer': '300mb', 'direction': 260, 'speed': 5}, {'layer': '250mb', 'direction': 260, 'speed': 6}, {'layer': '200mb', 'direction': 255, 'speed': 6}]",26,2,11,1011,none,1,0,80,3,Papua New Guinea
7,24,5,-9999,-9999,-9999,"[{'layer': '950mb', 'rh': 15}, {'layer': '900mb', 'rh': 13}, {'layer': '850mb', 'rh': 13}, {'layer': '800mb', 'rh': 11}, {'layer': '750mb', 'rh': 1}, {'layer': '700mb', 'rh': -2}, {'layer': '650mb', 'rh': -3}, {'layer': '600mb', 'rh': -3}, {'layer': '550mb', 'rh': -3}, {'layer': '500mb', 'rh': -3}, {'layer': '450mb', 'rh': -3}, {'layer': '400mb', 'rh': -3}, {'layer': '350mb', 'rh': -3}, {'layer': '300mb', 'rh': -3}, {'layer': '250mb', 'rh': -1}, {'layer': '200mb', 'rh': 2}]","[{'layer': '950mb', 'direction': 75, 'speed': 4}, {'layer': '900mb', 'direction': 80, 'speed': 4}, {'layer': '850mb', 'direction': 80, 'speed': 4}, {'layer': '800mb', 'direction': 80, 'speed': 3}, {'layer': '750mb', 'direction': 70, 'speed': 3}, {'layer': '700mb', 'direction': 65, 'speed': 3}, {'layer': '650mb', 'direction': 85, 'speed': 2}, {'layer': '600mb', 'direction': 200, 'speed': 2}, {'layer': '550mb', 'direction': 225, 'speed': 3}, {'layer': '500mb', 'direction': 260, 'speed': 4}, {'layer': '450mb', 'direction': 270, 'speed': 5}, {'layer': '400mb', 'direction': 280, 'speed': 5}, {'layer': '350mb', 'direction': 275, 'speed': 5}, {'layer': '300mb', 'direction': 255, 'speed': 5}, {'layer': '250mb', 'direction': 250, 'speed': 6}, {'layer': '200mb', 'direction': 250, 'speed': 6}]",26,2,12,1009,rain,2,0,90,3,Papua New Guinea
8,27,9,-9999,-9999,-9999,"[{'layer': '950mb', 'rh': 14}, {'layer': '900mb', 'rh': 11}, {'layer': '850mb', 'rh': 7}, {'layer': '800mb', 'rh': 2}, {'layer': '750mb', 'rh': -1}, {'layer': '700mb', 'rh': -2}, {'layer': '650mb', 'rh': -3}, {'layer': '600mb', 'rh': -3}, {'layer': '550mb', 'rh': -3}, {'layer': '500mb', 'rh': -3}, {'layer': '450mb', 'rh': -3}, {'layer': '400mb', 'rh': -3}, {'layer': '350mb', 'rh': -2}, {'layer': '300mb', 'rh': -3}, {'layer': '250mb', 'rh': -2}, {'layer': '200mb', 'rh': 2}]","[{'layer': '950mb', 'direction': 65, 'speed': 4}, {'layer': '900mb', 'direction': 80, 'speed': 4}, {'layer': '850mb', 'direction': 85, 'speed': 4}, {'layer': '800mb', 'direction': 80, 'speed': 4}, {'layer': '750mb', 'direction': 75, 'speed': 4}, {'layer': '700mb', 'direction': 85, 'speed': 3}, {'layer': '650mb', 'direction': 130, 'speed': 2}, {'layer': '600mb', 'direction': 190, 'speed': 3}, {'layer': '550mb', 'direction': 215, 'speed': 3}, {'layer': '500mb', 'direction': 245, 'speed': 4}, {'layer': '450mb', 'direction': 275, 'speed': 5}, {'layer': '400mb', 'direction': 285, 'speed': 5}, {'layer': '350mb', 'direction': 285, 'speed': 5}, {'layer': '300mb', 'direction': 250, 'speed': 4}, {'layer': '250mb', 'direction': 205, 'speed': 4}, {'layer': '200mb', 'direction': 240, 'speed': 6}]",25,-1,11,1011,rain,2,0,70,3,Papua New Guinea
9,30,8,-9999,-9999,-9999,"[{'layer': '950mb', 'rh': 13}, {'layer': '900mb', 'rh': 6}, {'layer': '850mb', 'rh': 2}, {'layer': '800mb', 'rh': 0}, {'layer': '750mb', 'rh': -2}, {'layer': '700mb', 'rh': -2}, {'layer': '650mb', 'rh': -3}, {'layer': '600mb', 'rh': -4}, {'layer': '550mb', 'rh': -4}, {'layer': '500mb', 'rh': -3}, {'layer': '450mb', 'rh': -3}, {'layer': '400mb', 'rh': -2}, {'layer': '350mb', 'rh': 4}, {'layer': '300mb', 'rh': -4}, {'layer': '250mb', 'rh': -2}, {'layer': '200mb', 'rh': -1}]","[{'layer': '950mb', 'direction': 70, 'speed': 4}, {'layer': '900mb', 'direction': 80, 'speed': 4}, {'layer': '850mb', 'direction': 75, 'speed': 4}, {'layer': '800mb', 'direction': 70, 'speed': 4}, {'layer': '750mb', 'direction': 75, 'speed': 3}, {'layer': '700mb', 'direction': 85, 'speed': 3}, {'layer': '650mb', 'direction': 165, 'speed': 2}, {'layer': '600mb', 'direction': 200, 'speed': 3}, {'layer': '550mb', 'direction': 210, 'speed': 4}, {'layer': '500mb', 'direction': 230, 'speed': 4}, {'layer': '450mb', 'direction': 270, 'speed': 5}, {'layer': '400mb', 'direction': 280, 'speed': 5}, {'layer': '350mb', 'direction': 285, 'speed': 5}, {'layer': '300mb', 'direction': 245, 'speed': 4}, {'layer': '250mb', 'direction': 170, 'speed': 5}, {'layer': '200mb', 'direction': 210, 'speed': 6}]",26,-1,11,1012,rain,2,0,65,4,Papua New Guinea
10,33,2,-9999,-9999,-9999,"[{'layer': '950mb', 'rh': 13}, {'layer': '900mb', 'rh': 7}, {'layer': '850mb', 'rh': 2}, {'layer': '800mb', 'rh': 0}, {'layer': '750mb', 'rh': -1}, {'layer': '700mb', 'rh': -2}, {'layer': '650mb', 'rh': -3}, {'layer': '600mb', 'rh': -4}, {'layer': '550mb', 'rh': -3}, {'layer': '500mb', 'rh': -3}, {'layer': '450mb', 'rh': -3}, {'layer': '400mb', 'rh': -1}, {'layer': '350mb', 'rh': 6}, {'layer': '300mb', 'rh': -3}, {'layer': '250mb', 'rh': 1}, {'layer': '200mb', 'rh': 2}]","[{'layer': '950mb', 'direction': 75, 'speed': 4}, {'layer': '900mb', 'direction': 80, 'speed': 4}, {'layer': '850mb', 'direction': 75, 'speed': 4}, {'layer': '800mb', 'direction': 70, 'speed': 4}, {'layer': '750mb', 'direction': 65, 'speed': 3}, {'layer': '700mb', 'direction': 70, 'speed': 3}, {'layer': '650mb', 'direction': 135, 'speed': 2}, {'layer': '600mb', 'direction': 215, 'speed': 3}, {'layer': '550mb', 'direction': 220, 'speed': 4}, {'layer': '500mb', 'direction': 235, 'speed': 4}, {'layer': '450mb', 'direction': 250, 'speed': 5}, {'layer': '400mb', 'direction': 265, 'speed': 5}, {'layer': '350mb', 'direction': 275, 'speed': 5}, {'layer': '300mb', 'direction': 230, 'speed': 4}, {'layer': '250mb', 'direction': 160, 'speed': 5}, {'layer': '200mb', 'direction': 175, 'speed': 5}]",26,2,11,1011,none,2,0,70,3,Papua New Guinea
11,36,3,-9999,-9999,-9999,"[{'layer': '950mb', 'rh': 13}, {'layer': '900mb', 'rh': 8}, {'layer': '850mb', 'rh': 1}, {'layer': '800mb', 'rh': 0}, {'layer': '750mb', 'rh': -2}, {'layer': '700mb', 'rh': -3}, {'layer': '650mb', 'rh': -3}, {'layer': '600mb', 'rh': -3}, {'layer': '550mb', 'rh': -3}, {'layer': '500mb', 'rh': -3}, {'layer': '450mb', 'rh': -3}, {'layer': '400mb', 'rh': -1}, {'layer': '350mb', 'rh': 4}, {'layer': '300mb', 'rh': -3}, {'layer': '250mb', 'rh': 2}, {'layer': '200mb', 'rh': 0}]","[{'layer': '950mb', 'direction': 70, 'speed': 4}, {'layer': '900mb', 'direction': 75, 'speed': 4}, {'layer': '850mb', 'direction': 75, 'speed': 4}, {'layer': '800mb', 'direction': 70, 'speed': 4}, {'layer': '750mb', 'direction': 70, 'speed': 3}, {'layer': '700mb', 'direction': 75, 'speed': 2}, {'layer': '650mb', 'direction': 190, 'speed': 2}, {'layer': '600mb', 'direction': 215, 'speed': 3}, {'layer': '550mb', 'direction': 220, 'speed': 4}, {'layer': '500mb', 'direction': 240, 'speed': 4}, {'layer': '450mb', 'direction': 240, 'speed': 5}, {'layer': '400mb', 'direction': 260, 'speed': 5}, {'layer': '350mb', 'direction': 265, 'speed': 5}, {'layer': '300mb', 'direction': 230, 'speed': 5}, {'layer': '250mb', 'direction': 170, 'speed': 6}, {'layer': '200mb', 'direction': 175, 'speed': 6}]",26,2,11,1008,none,2,0,70,3,Papua New Guinea
12,39,4,-9999,-9999,-9999,"[{'layer': '950mb', 'rh': 13}, {'layer': '900mb', 'rh': 5}, {'layer': '850mb', 'rh': 1}, {'layer': '800mb', 'rh': 0}, {'layer': '750mb', 'rh': -1}, {'layer': '700mb', 'rh': -2}, {'layer': '650mb', 'rh': -3}, {'layer': '600mb', 'rh': -4}, {'layer': '550mb', 'rh': -2}, {'layer': '500mb', 'rh': -3}, {'layer': '450mb', 'rh': -3}, {'layer': '400mb', 'rh': -1}, {'layer': '350mb', 'rh': 2}, {'layer': '300mb', 'rh': -3}, {'layer': '250mb', 'rh': 3}, {'layer': '200mb', 'rh': -2}]","[{'layer': '950mb', 'direction': 75, 'speed': 4}, {'layer': '900mb', 'direction': 80, 'speed': 4}, {'layer': '850mb', 'direction': 80, 'speed': 4}, {'layer': '800mb', 'direction': 75, 'speed': 4}, {'layer': '750mb', 'direction': 70, 'speed': 3}, {'layer': '700mb', 'direction': 65, 'speed': 2}, {'layer': '650mb', 'direction': 195, 'speed': 2}, {'layer': '600mb', 'direction': 215, 'speed': 3}, {'layer': '550mb', 'direction': 225, 'speed': 3}, {'layer': '500mb', 'direction': 235, 'speed': 5}, {'layer': '450mb', 'direction': 235, 'speed': 5}, {'layer': '400mb', 'direction': 250, 'speed': 5}, {'layer': '350mb', 'direction': 250, 'speed': 5}, {'layer': '300mb', 'direction': 230, 'speed': 5}, {'layer': '250mb', 'direction': 175, 'speed': 6}, {'layer': '200mb', 'direction': 180, 'speed': 6}]",26,2,11,1009,none,2,0,75,3,Papua New Guinea
13,42,3,-9999,-9999,-9999,"[{'layer': '950mb', 'rh': 13}, {'layer': '900mb', 'rh': 4}, {'layer': '850mb', 'rh': 1}, {'layer': '800mb', 'rh': -1}, {'layer': '750mb', 'rh': -2}, {'layer': '700mb', 'rh': -2}, {'layer': '650mb', 'rh': -3}, {'layer': '600mb', 'rh': -4}, {'layer': '550mb', 'rh': -2}, {'layer': '500mb', 'rh': -3}, {'layer': '450mb', 'rh': -3}, {'layer': '400mb', 'rh': -1}, {'layer': '350mb', 'rh': 5}, {'layer': '300mb', 'rh': -3}, {'layer': '250mb', 'rh': 6}, {'layer': '200mb', 'rh': -1}]","[{'layer': '950mb', 'direction': 80, 'speed': 4}, {'layer': '900mb', 'direction': 85, 'speed': 4}, {'layer': '850mb', 'direction': 80, 'speed': 5}, {'layer': '800mb', 'direction': 75, 'speed': 4}, {'layer': '750mb', 'direction': 75, 'speed': 4}, {'layer': '700mb', 'direction': 70, 'speed': 3}, {'layer': '650mb', 'direction': 150, 'speed': 2}, {'layer': '600mb', 'direction': 210, 'speed': 3}, {'layer': '550mb', 'direction': 225, 'speed': 3}, {'layer': '500mb', 'direction': 235, 'speed': 5}, {'layer': '450mb', 'direction': 240, 'speed': 5}, {'layer': '400mb', 'direction': 245, 'speed': 5}, {'layer': '350mb', 'direction': 250, 'speed': 6}, {'layer': '300mb', 'direction': 225, 'speed': 5}, {'layer': '250mb', 'direction': 170, 'speed': 6}, {'layer': '200mb', 'direction': 180, 'speed': 6}]",26,2,11,1011,none,2,0,75,3,Papua New Guinea
14,45,1,-9999,-9999,-9999,"[{'layer': '950mb', 'rh': 13}, {'layer': '900mb', 'rh': 6}, {'layer': '850mb', 'rh': 1}, {'layer': '800mb', 'rh': -1}, {'layer': '750mb', 'rh': -2}, {'layer': '700mb', 'rh': -2}, {'layer': '650mb', 'rh': -3}, {'layer': '600mb', 'rh': -3}, {'layer': '550mb', 'rh': -1}, {'layer': '500mb', 'rh': -2}, {'layer': '450mb', 'rh': -3}, {'layer': '400mb', 'rh': -1}, {'layer': '350mb', 'rh': 4}, {'layer': '300mb', 'rh': -1}, {'layer': '250mb', 'rh': 10}, {'layer': '200mb', 'rh': 3}]","[{'layer': '950mb', 'direction': 80, 'speed': 4}, {'layer': '900mb', 'direction': 80, 'speed': 4}, {'layer': '850mb', 'direction': 75, 'speed': 5}, {'layer': '800mb', 'direction': 75, 'speed': 4}, {'layer': '750mb', 'direction': 75, 'speed': 3}, {'layer': '700mb', 'direction': 75, 'speed': 3}, {'layer': '650mb', 'direction': 165, 'speed': 2}, {'layer': '600mb', 'direction': 220, 'speed': 3}, {'layer': '550mb', 'direction': 215, 'speed': 3}, {'layer': '500mb', 'direction': 230, 'speed': 5}, {'layer': '450mb', 'direction': 240, 'speed': 5}, {'layer': '400mb', 'direction': 245, 'speed': 6}, {'layer': '350mb', 'direction': 255, 'speed': 6}, {'layer': '300mb', 'direction': 230, 'speed': 5}, {'layer': '250mb', 'direction': 170, 'speed': 6}, {'layer': '200mb', 'direction': 175, 'speed': 6}]",25,2,11,1011,none,2,0,75,3,Papua New Guinea
15,48,3,-9999,-9999,-9999,"[{'layer': '950mb', 'rh': 13}, {'layer': '900mb', 'rh': 15}, {'layer': '850mb', 'rh': 5}, {'layer': '800mb', 'rh': 2}, {'layer': '750mb', 'rh': -1}, {'layer': '700mb', 'rh': -2}, {'layer': '650mb', 'rh': -3}, {'layer': '600mb', 'rh': -3}, {'layer': '550mb', 'rh': 1}, {'layer': '500mb', 'rh': -2}, {'layer': '450mb', 'rh': -3}, {'layer': '400mb', 'rh': 0}, {'layer': '350mb', 'rh': -1}, {'layer': '300mb', 'rh': -1}, {'layer': '250mb', 'rh': 10}, {'layer': '200mb', 'rh': 0}]","[{'layer': '950mb', 'direction': 75, 'speed': 3}, {'layer': '900mb', 'direction': 75, 'speed': 4}, {'layer': '850mb', 'direction': 80, 'speed': 4}, {'layer': '800mb', 'direction': 75, 'speed': 4}, {'layer': '750mb', 'direction': 75, 'speed': 3}, {'layer': '700mb', 'direction': 75, 'speed': 3}, {'layer': '650mb', 'direction': 155, 'speed': 2}, {'layer': '600mb', 'direction': 210, 'speed': 2}, {'layer': '550mb', 'direction': 220, 'speed': 3}, {'layer': '500mb', 'direction': 235, 'speed': 4}, {'layer': '450mb', 'direction': 245, 'speed': 5}, {'layer': '400mb', 'direction': 245, 'speed': 6}, {'layer': '350mb', 'direction': 245, 'speed': 6}, {'layer': '300mb', 'direction': 240, 'speed': 6}, {'layer': '250mb', 'direction': 170, 'speed': 6}, {'layer': '200mb', 'direction': 185, 'speed': 6}]",26,2,10,1009,none,2,0,75,3,Papua New Guinea
16,51,4,-9999,-9999,-9999,"[{'layer': '950mb', 'rh': 12}, {'layer': '900mb', 'rh': 15}, {'layer': '850mb', 'rh': 5}, {'layer': '800mb', 'rh': 2}, {'layer': '750mb', 'rh': -1}, {'layer': '700mb', 'rh': -2}, {'layer': '650mb', 'rh': -3}, {'layer': '600mb', 'rh': -1}, {'layer': '550mb', 'rh': 2}, {'layer': '500mb', 'rh': -1}, {'layer': '450mb', 'rh': -3}, {'layer': '400mb', 'rh': 1}, {'layer': '350mb', 'rh': -2}, {'layer': '300mb', 'rh': -2}, {'layer': '250mb', 'rh': 9}, {'layer': '200mb', 'rh': 1}]","[{'layer': '950mb', 'direction': 70, 'speed': 3}, {'layer': '900mb', 'direction': 70, 'speed': 3}, {'layer': '850mb', 'direction': 75, 'speed': 4}, {'layer': '800mb', 'direction': 75, 'speed': 4}, {'layer': '750mb', 'direction': 75, 'speed': 3}, {'layer': '700mb', 'direction': 75, 'speed': 2}, {'layer': '650mb', 'direction': 225, 'speed': 2}, {'layer': '600mb', 'direction': 220, 'speed': 2}, {'layer': '550mb', 'direction': 205, 'speed': 3}, {'layer': '500mb', 'direction': 220, 'speed': 4}, {'layer': '450mb', 'direction': 245, 'speed': 5}, {'layer': '400mb', 'direction': 245, 'speed': 5}, {'layer': '350mb', 'direction': 245, 'speed': 6}, {'layer': '300mb', 'direction': 210, 'speed': 5}, {'layer': '250mb', 'direction': 180, 'speed': 6}, {'layer': '200mb', 'direction': 190, 'speed': 6}]",26,-1,11,1011,rain,2,0,70,3,Papua New Guinea
17,54,7,-9999,-9999,-9999,"[{'layer': '950mb', 'rh': 12}, {'layer': '900mb', 'rh': 15}, {'layer': '850mb', 'rh': 9}, {'layer': '800mb', 'rh': 2}, {'layer': '750mb', 'rh': -1}, {'layer': '700mb', 'rh': -2}, {'layer': '650mb', 'rh': -3}, {'layer': '600mb', 'rh': -1}, {'layer': '550mb', 'rh': 2}, {'layer': '500mb', 'rh': -2}, {'layer': '450mb', 'rh': -3}, {'layer': '400mb', 'rh': 1}, {'layer': '350mb', 'rh': -3}, {'layer': '300mb', 'rh': 3}, {'layer': '250mb', 'rh': 9}, {'layer': '200mb', 'rh': 2}]","[{'layer': '950mb', 'direction': 70, 'speed': 4}, {'layer': '900mb', 'direction': 70, 'speed': 4}, {'layer': '850mb', 'direction': 70, 'speed': 4}, {'layer': '800mb', 'direction': 70, 'speed': 4}, {'layer': '750mb', 'direction': 70, 'speed': 3}, {'layer': '700mb', 'direction': 75, 'speed': 3}, {'layer': '650mb', 'direction': 175, 'speed': 2}, {'layer': '600mb', 'direction': 220, 'speed': 2}, {'layer': '550mb', 'direction': 215, 'speed': 3}, {'layer': '500mb', 'direction': 220, 'speed': 5}, {'layer': '450mb', 'direction': 240, 'speed': 5}, {'layer': '400mb', 'direction': 245, 'speed': 5}, {'layer': '350mb', 'direction': 235, 'speed': 5}, {'layer': '300mb', 'direction': 205, 'speed': 5}, {'layer': '250mb', 'direction': 190, 'speed': 6}, {'layer': '200mb', 'direction': 195, 'speed': 6}]",26,2,10,1012,rain,2,0,70,3,Papua New Guinea
18,57,9,-9999,-9999,-9999,"[{'layer': '950mb', 'rh': 13}, {'layer': '900mb', 'rh': 10}, {'layer': '850mb', 'rh': 9}, {'layer': '800mb', 'rh': 3}, {'layer': '750mb', 'rh': 0}, {'layer': '700mb', 'rh': -2}, {'layer': '650mb', 'rh': -3}, {'layer': '600mb', 'rh': 0}, {'layer': '550mb', 'rh': 1}, {'layer': '500mb', 'rh': -3}, {'layer': '450mb', 'rh': -2}, {'layer': '400mb', 'rh': 0}, {'layer': '350mb', 'rh': -3}, {'layer': '300mb', 'rh': 7}, {'layer': '250mb', 'rh': 9}, {'layer': '200mb', 'rh': 1}]","[{'layer': '950mb', 'direction': 75, 'speed': 4}, {'layer': '900mb', 'direction': 70, 'speed': 4}, {'layer': '850mb', 'direction': 75, 'speed': 4}, {'layer': '800mb', 'direction': 75, 'speed': 4}, {'layer': '750mb', 'direction': 70, 'speed': 3}, {'layer': '700mb', 'direction': 60, 'speed': 3}, {'layer': '650mb', 'direction': 325, 'speed': 2}, {'layer': '600mb', 'direction': 265, 'speed': 2}, {'layer': '550mb', 'direction': 230, 'speed': 3}, {'layer': '500mb', 'direction': 225, 'speed': 5}, {'layer': '450mb', 'direction': 240, 'speed': 5}, {'layer': '400mb', 'direction': 245, 'speed': 5}, {'layer': '350mb', 'direction': 205, 'speed': 5}, {'layer': '300mb', 'direction': 205, 'speed': 5}, {'layer': '250mb', 'direction': 210, 'speed': 5}, {'layer': '200mb', 'direction': 195, 'speed': 6}]",26,2,11,1011,rain,2,0,80,3,Papua New Guinea
19,60,6,-9999,-9999,-9999,"[{'layer': '950mb', 'rh': 14}, {'layer': '900mb', 'rh': 14}, {'layer': '850mb', 'rh': 12}, {'layer': '800mb', 'rh': 3}, {'layer': '750mb', 'rh': 0}, {'layer': '700mb', 'rh': -2}, {'layer': '650mb', 'rh': -3}, {'layer': '600mb', 'rh': 0}, {'layer': '550mb', 'rh': 1}, {'layer': '500mb', 'rh': -2}, {'layer': '450mb', 'rh': -2}, {'layer': '400mb', 'rh': -2}, {'layer': '350mb', 'rh': 2}, {'layer': '300mb', 'rh': 4}, {'layer': '250mb', 'rh': 4}, {'layer': '200mb', 'rh': 3}]","[{'layer': '950mb', 'direction': 70, 'speed': 3}, {'layer': '900mb', 'direction': 75, 'speed': 4}, {'layer': '850mb', 'direction': 85, 'speed': 4}, {'layer': '800mb', 'direction': 75, 'speed': 4}, {'layer': '750mb', 'direction': 65, 'speed': 3}, {'layer': '700mb', 'direction': 60, 'speed': 2}, {'layer': '650mb', 'direction': 265, 'speed': 2}, {'layer': '600mb', 'direction': 255, 'speed': 3}, {'layer': '550mb', 'direction': 235, 'speed': 3}, {'layer': '500mb', 'direction': 230, 'speed': 4}, {'layer': '450mb', 'direction': 250, 'speed': 5}, {'layer': '400mb', 'direction': 245, 'speed': 5}, {'layer': '350mb', 'direction': 200, 'speed': 5}, {'layer': '300mb', 'direction': 200, 'speed': 5}, {'layer': '250mb', 'direction': 195, 'speed': 6}, {'layer': '200mb', 'direction': 195, 'speed': 6}]",26,-1,11,1009,rain,2,0,75,3,Papua New Guinea
20,63,1,-9999,-9999,-9999,"[{'layer': '950mb', 'rh': 13}, {'layer': '900mb', 'rh': 7}, {'layer': '850mb', 'rh': 4}, {'layer': '800mb', 'rh': 1}, {'layer': '750mb', 'rh': -1}, {'layer': '700mb', 'rh': -2}, {'layer': '650mb', 'rh': -3}, {'layer': '600mb', 'rh': 0}, {'layer': '550mb', 'rh': 1}, {'layer': '500mb', 'rh': -3}, {'layer': '450mb', 'rh': -3}, {'layer': '400mb', 'rh': -3}, {'layer': '350mb', 'rh': 1}, {'layer': '300mb', 'rh': 3}, {'layer': '250mb', 'rh': 1}, {'layer': '200mb', 'rh': 3}]","[{'layer': '950mb', 'direction': 75, 'speed': 4}, {'layer': '900mb', 'direction': 80, 'speed': 4}, {'layer': '850mb', 'direction': 85, 'speed': 4}, {'layer': '800mb', 'direction': 85, 'speed': 4}, {'layer': '750mb', 'direction': 70, 'speed': 3}, {'layer': '700mb', 'direction': 60, 'speed': 3}, {'layer': '650mb', 'direction': 320, 'speed': 2}, {'layer': '600mb', 'direction': 275, 'speed': 3}, {'layer': '550mb', 'direction': 260, 'speed': 3}, {'layer': '500mb', 'direction': 245, 'speed': 5}, {'layer': '450mb', 'direction': 250, 'speed': 5}, {'layer': '400mb', 'direction': 210, 'speed': 4}, {'layer': '350mb', 'direction': 200, 'speed': 5}, {'layer': '300mb', 'direction': 190, 'speed': 5}, {'layer': '250mb', 'direction': 195, 'speed': 6}, {'layer': '200mb', 'direction': 200, 'speed': 6}]",26,-1,11,1009,rain,2,0,70,3,Papua New Guinea
21,66,2,-9999,-9999,-9999,"[{'layer': '950mb', 'rh': 12}, {'layer': '900mb', 'rh': 10}, {'layer': '850mb', 'rh': 4}, {'layer': '800mb', 'rh': 1}, {'layer': '750mb', 'rh': -1}, {'layer': '700mb', 'rh': -2}, {'layer': '650mb', 'rh': -3}, {'layer': '600mb', 'rh': 0}, {'layer': '550mb', 'rh': 1}, {'layer': '500mb', 'rh': -2}, {'layer': '450mb', 'rh': -3}, {'layer': '400mb', 'rh': -2}, {'layer': '350mb', 'rh': 5}, {'layer': '300mb', 'rh': 4}, {'layer': '250mb', 'rh': 0}, {'layer': '200mb', 'rh': 0}]","[{'layer': '950mb', 'direction': 75, 'speed': 4}, {'layer': '900mb', 'direction': 70, 'speed': 5}, {'layer': '850mb', 'direction': 80, 'speed': 4}, {'layer': '800mb', 'direction': 80, 'speed': 4}, {'layer': '750mb', 'direction': 75, 'speed': 3}, {'layer': '700mb', 'direction': 60, 'speed': 2}, {'layer': '650mb', 'direction': 295, 'speed': 2}, {'layer': '600mb', 'direction': 270, 'speed': 3}, {'layer': '550mb', 'direction': 255, 'speed': 3}, {'layer': '500mb', 'direction': 245, 'speed': 4}, {'layer': '450mb', 'direction': 250, 'speed': 5}, {'layer': '400mb', 'direction': 205, 'speed': 5}, {'layer': '350mb', 'direction': 210, 'speed': 5}, {'layer': '300mb', 'direction': 190, 'speed': 5}, {'layer': '250mb', 'direction': 190, 'speed': 6}, {'layer': '200mb', 'direction': 200, 'speed': 6}]",26,-1,11,1011,rain,2,0,70,3,Papua New Guinea
22,69,1,-9999,-9999,-9999,"[{'layer': '950mb', 'rh': 14}, {'layer': '900mb', 'rh': 11}, {'layer': '850mb', 'rh': 6}, {'layer': '800mb', 'rh': 1}, {'layer': '750mb', 'rh': -1}, {'layer': '700mb', 'rh': -2}, {'layer': '650mb', 'rh': -3}, {'layer': '600mb', 'rh': 0}, {'layer': '550mb', 'rh': 1}, {'layer': '500mb', 'rh': 0}, {'layer': '450mb', 'rh': -2}, {'layer': '400mb', 'rh': -1}, {'layer': '350mb', 'rh': 6}, {'layer': '300mb', 'rh': 4}, {'layer': '250mb', 'rh': 1}, {'layer': '200mb', 'rh': 1}]","[{'layer': '950mb', 'direction': 80, 'speed': 4}, {'layer': '900mb', 'direction': 65, 'speed': 4}, {'layer': '850mb', 'direction': 80, 'speed': 5}, {'layer': '800mb', 'direction': 80, 'speed': 4}, {'layer': '750mb', 'direction': 80, 'speed': 3}, {'layer': '700mb', 'direction': 65, 'speed': 2}, {'layer': '650mb', 'direction': 275, 'speed': 2}, {'layer': '600mb', 'direction': 265, 'speed': 3}, {'layer': '550mb', 'direction': 260, 'speed': 3}, {'layer': '500mb', 'direction': 250, 'speed': 3}, {'layer': '450mb', 'direction': 230, 'speed': 4}, {'layer': '400mb', 'direction': 220, 'speed': 5}, {'layer': '350mb', 'direction': 215, 'speed': 4}, {'layer': '300mb', 'direction': 195, 'speed': 5}, {'layer': '250mb', 'direction': 190, 'speed': 6}, {'layer': '200mb', 'direction': 205, 'speed': 6}]",26,-1,11,1011,none,2,0,80,3,Papua New Guinea
23,72,1,-9999,-9999,-9999,"[{'layer': '950mb', 'rh': 14}, {'layer': '900mb', 'rh': 13}, {'layer': '850mb', 'rh': 7}, {'layer': '800mb', 'rh': 1}, {'layer': '750mb', 'rh': -1}, {'layer': '700mb', 'rh': -2}, {'layer': '650mb', 'rh': -3}, {'layer': '600mb', 'rh': 0}, {'layer': '550mb', 'rh': 1}, {'layer': '500mb', 'rh': 1}, {'layer': '450mb', 'rh': 1}, {'layer': '400mb', 'rh': 0}, {'layer': '350mb', 'rh': 7}, {'layer': '300mb', 'rh': 8}, {'layer': '250mb', 'rh': 3}, {'layer': '200mb', 'rh': 11}]","[{'layer': '950mb', 'direction': 80, 'speed': 4}, {'layer': '900mb', 'direction': 70, 'speed': 4}, {'layer': '850mb', 'direction': 65, 'speed': 4}, {'layer': '800mb', 'direction': 65, 'speed': 4}, {'layer': '750mb', 'direction': 65, 'speed': 3}, {'layer': '700mb', 'direction': 65, 'speed': 2}, {'layer': '650mb', 'direction': 250, 'speed': 2}, {'layer': '600mb', 'direction': 250, 'speed': 3}, {'layer': '550mb', 'direction': 250, 'speed': 3}, {'layer': '500mb', 'direction': 245, 'speed': 3}, {'layer': '450mb', 'direction': 225, 'speed': 4}, {'layer': '400mb', 'direction': 225, 'speed': 5}, {'layer': '350mb', 'direction': 230, 'speed': 5}, {'layer': '300mb', 'direction': 220, 'speed': 5}, {'layer': '250mb', 'direction': 195, 'speed': 6}, {'layer': '200mb', 'direction': 205, 'speed': 7}]",25,-1,11,1009,none,2,0,80,3,Papua New Guinea
24,75,4,-9999,-9999,-9999,"[{'layer': '950mb', 'rh': 14}, {'layer': '900mb', 'rh': 12}, {'layer': '850mb', 'rh': 9}, {'layer': '800mb', 'rh': 1}, {'layer': '750mb', 'rh': -1}, {'layer': '700mb', 'rh': -2}, {'layer': '650mb', 'rh': -3}, {'layer': '600mb', 'rh': 0}, {'layer': '550mb', 'rh': 1}, {'layer': '500mb', 'rh': 2}, {'layer': '450mb', 'rh': 3}, {'layer': '400mb', 'rh': 0}, {'layer': '350mb', 'rh': 9}, {'layer': '300mb', 'rh': 13}, {'layer': '250mb', 'rh': 9}, {'layer': '200mb', 'rh': 12}]","[{'layer': '950mb', 'direction': 75, 'speed': 4}, {'layer': '900mb', 'direction': 70, 'speed': 4}, {'layer': '850mb', 'direction': 65, 'speed': 5}, {'layer': '800mb', 'direction': 65, 'speed': 4}, {'layer': '750mb', 'direction': 65, 'speed': 3}, {'layer': '700mb', 'direction': 75, 'speed': 3}, {'layer': '650mb', 'direction': 220, 'speed': 2}, {'layer': '600mb', 'direction': 250, 'speed': 3}, {'layer': '550mb', 'direction': 250, 'speed': 3}, {'layer': '500mb', 'direction': 250, 'speed': 3}, {'layer': '450mb', 'direction': 225, 'speed': 4}, {'layer': '400mb', 'direction': 230, 'speed': 5}, {'layer': '350mb', 'direction': 225, 'speed': 5}, {'layer': '300mb', 'direction': 235, 'speed': 4}, {'layer': '250mb', 'direction': 200, 'speed': 6}, {'layer': '200mb', 'direction': 200, 'speed': 6}]",25,-1,11,1011,none,2,0,80,3,Papua New Guinea
25,78,5,-9999,-9999,-9999,"[{'layer': '950mb', 'rh': 14}, {'layer': '900mb', 'rh': 13}, {'layer': '850mb', 'rh': 9}, {'layer': '800mb', 'rh': 2}, {'layer': '750mb', 'rh': -1}, {'layer': '700mb', 'rh': -2}, {'layer': '650mb', 'rh': -2}, {'layer': '600mb', 'rh': 0}, {'layer': '550mb', 'rh': 2}, {'layer': '500mb', 'rh': 3}, {'layer': '450mb', 'rh': 4}, {'layer': '400mb', 'rh': 0}, {'layer': '350mb', 'rh': 2}, {'layer': '300mb', 'rh': 15}, {'layer': '250mb', 'rh': 12}, {'layer': '200mb', 'rh': 4}]","[{'layer': '950mb', 'direction': 90, 'speed': 4}, {'layer': '900mb', 'direction': 75, 'speed': 4}, {'layer': '850mb', 'direction': 70, 'speed': 5}, {'layer': '800mb', 'direction': 65, 'speed': 4}, {'layer': '750mb', 'direction': 60, 'speed': 3}, {'layer': '700mb', 'direction': 65, 'speed': 3}, {'layer': '650mb', 'direction': 215, 'speed': 2}, {'layer': '600mb', 'direction': 250, 'speed': 3}, {'layer': '550mb', 'direction': 260, 'speed': 3}, {'layer': '500mb', 'direction': 255, 'speed': 3}, {'layer': '450mb', 'direction': 230, 'speed': 4}, {'layer': '400mb', 'direction': 235, 'speed': 5}, {'layer': '350mb', 'direction': 230, 'speed': 5}, {'layer': '300mb', 'direction': 235, 'speed': 5}, {'layer': '250mb', 'direction': 200, 'speed': 6}, {'layer': '200mb', 'direction': 200, 'speed': 6}]",26,-1,11,1012,none,2,0,85,3,Papua New Guinea
26,81,2,-9999,-9999,-9999,"[{'layer': '950mb', 'rh': 14}, {'layer': '900mb', 'rh': 11}, {'layer': '850mb', 'rh': 7}, {'layer': '800mb', 'rh': 2}, {'layer': '750mb', 'rh': -1}, {'layer': '700mb', 'rh': -1}, {'layer': '650mb', 'rh': -2}, {'layer': '600mb', 'rh': 0}, {'layer': '550mb', 'rh': 1}, {'layer': '500mb', 'rh': 2}, {'layer': '450mb', 'rh': 5}, {'layer': '400mb', 'rh': 1}, {'layer': '350mb', 'rh': 7}, {'layer': '300mb', 'rh': 10}, {'layer': '250mb', 'rh': 5}, {'layer': '200mb', 'rh': 2}]","[{'layer': '950mb', 'direction': 80, 'speed': 4}, {'layer': '900mb', 'direction': 75, 'speed': 5}, {'layer': '850mb', 'direction': 70, 'speed': 5}, {'layer': '800mb', 'direction': 60, 'speed': 4}, {'layer': '750mb', 'direction': 55, 'speed': 4}, {'layer': '700mb', 'direction': 60, 'speed': 3}, {'layer': '650mb', 'direction': 145, 'speed': 2}, {'layer': '600mb', 'direction': 245, 'speed': 3}, {'layer': '550mb', 'direction': 265, 'speed': 3}, {'layer': '500mb', 'direction': 270, 'speed': 4}, {'layer': '450mb', 'direction': 245, 'speed': 4}, {'layer': '400mb', 'direction': 240, 'speed': 5}, {'layer': '350mb', 'direction': 235, 'speed': 5}, {'layer': '300mb', 'direction': 230, 'speed': 5}, {'layer': '250mb', 'direction': 205, 'speed': 6}, {'layer': '200mb', 'direction': 195, 'speed': 7}]",26,-1,11,1011,rain,2,0,85,3,Papua New Guinea
27,84,1,-9999,-9999,-9999,"[{'layer': '950mb', 'rh': 14}, {'layer': '900mb', 'rh': 11}, {'layer': '850mb', 'rh': 8}, {'layer': '800mb', 'rh': 2}, {'layer': '750mb', 'rh': 0}, {'layer': '700mb', 'rh': -2}, {'layer': '650mb', 'rh': -2}, {'layer': '600mb', 'rh': 0}, {'layer': '550mb', 'rh': -1}, {'layer': '500mb', 'rh': -2}, {'layer': '450mb', 'rh': 6}, {'layer': '400mb', 'rh': -3}, {'layer': '350mb', 'rh': 0}, {'layer': '300mb', 'rh': 10}, {'layer': '250mb', 'rh': 5}, {'layer': '200mb', 'rh': -1}]","[{'layer': '950mb', 'direction': 85, 'speed': 4}, {'layer': '900mb', 'direction': 80, 'speed': 5}, {'layer': '850mb', 'direction': 80, 'speed': 5}, {'layer': '800mb', 'direction': 70, 'speed': 4}, {'layer': '750mb', 'direction': 55, 'speed': 3}, {'layer': '700mb', 'direction': 45, 'speed': 3}, {'layer': '650mb', 'direction': 350, 'speed': 2}, {'layer': '600mb', 'direction': 260, 'speed': 3}, {'layer': '550mb', 'direction': 270, 'speed': 4}, {'layer': '500mb', 'direction': 275, 'speed': 5}, {'layer': '450mb', 'direction': 240, 'speed': 4}, {'layer': '400mb', 'direction': 245, 'speed': 5}, {'layer': '350mb', 'direction': 235, 'speed': 5}, {'layer': '300mb', 'direction': 220, 'speed': 5}, {'layer': '250mb', 'direction': 215, 'speed': 6}, {'layer': '200mb', 'direction': 205, 'speed': 7}]",26,-1,11,1009,none,2,0,80,3,Papua New Guinea
28,87,6,-9999,-9999,-9999,"[{'layer': '950mb', 'rh': 14}, {'layer': '900mb', 'rh': 12}, {'layer': '850mb', 'rh': 10}, {'layer': '800mb', 'rh': 3}, {'layer': '750mb', 'rh': 0}, {'layer': '700mb', 'rh': -2}, {'layer': '650mb', 'rh': -2}, {'layer': '600mb', 'rh': -1}, {'layer': '550mb', 'rh': -2}, {'layer': '500mb', 'rh': -3}, {'layer': '450mb', 'rh': 0}, {'layer': '400mb', 'rh': -3}, {'layer': '350mb', 'rh': 3}, {'layer': '300mb', 'rh': 11}, {'layer': '250mb', 'rh': 7}, {'layer': '200mb', 'rh': 0}]","[{'layer': '950mb', 'direction': 95, 'speed': 4}, {'layer': '900mb', 'direction': 90, 'speed': 5}, {'layer': '850mb', 'direction': 85, 'speed': 5}, {'layer': '800mb', 'direction': 80, 'speed': 4}, {'layer': '750mb', 'direction': 70, 'speed': 3}, {'layer': '700mb', 'direction': 55, 'speed': 3}, {'layer': '650mb', 'direction': 0, 'speed': 2}, {'layer': '600mb', 'direction': 260, 'speed': 3}, {'layer': '550mb', 'direction': 270, 'speed': 4}, {'layer': '500mb', 'direction': 280, 'speed': 5}, {'layer': '450mb', 'direction': 255, 'speed': 5}, {'layer': '400mb', 'direction': 250, 'speed': 5}, {'layer': '350mb', 'direction': 240, 'speed': 5}, {'layer': '300mb', 'direction': 220, 'speed': 4}, {'layer': '250mb', 'direction': 210, 'speed': 6}, {'layer': '200mb', 'direction': 205, 'speed': 7}]",26,-4,12,1009,rain,2,0,95,3,Papua New Guinea
29,90,5,-9999,-9999,-9999,"[{'layer': '950mb', 'rh': 14}, {'layer': '900mb', 'rh': 12}, {'layer': '850mb', 'rh': 10}, {'layer': '800mb', 'rh': 6}, {'layer': '750mb', 'rh': 0}, {'layer': '700mb', 'rh': -2}, {'layer': '650mb', 'rh': -2}, {'layer': '600mb', 'rh': -1}, {'layer': '550mb', 'rh': -3}, {'layer': '500mb', 'rh': -3}, {'layer': '450mb', 'rh': -1}, {'layer': '400mb', 'rh': -3}, {'layer': '350mb', 'rh': 8}, {'layer': '300mb', 'rh': 13}, {'layer': '250mb', 'rh': 14}, {'layer': '200mb', 'rh': 0}]","[{'layer': '950mb', 'direction': 95, 'speed': 4}, {'layer': '900mb', 'direction': 85, 'speed': 5}, {'layer': '850mb', 'direction': 85, 'speed': 5}, {'layer': '800mb', 'direction': 85, 'speed': 5}, {'layer': '750mb', 'direction': 75, 'speed': 3}, {'layer': '700mb', 'direction': 60, 'speed': 3}, {'layer': '650mb', 'direction': 10, 'speed': 2}, {'layer': '600mb', 'direction': 265, 'speed': 3}, {'layer': '550mb', 'direction': 270, 'speed': 5}, {'layer': '500mb', 'direction': 280, 'speed': 5}, {'layer': '450mb', 'direction': 250, 'speed': 5}, {'layer': '400mb', 'direction': 250, 'speed': 6}, {'layer': '350mb', 'direction': 245, 'speed': 5}, {'layer': '300mb', 'direction': 245, 'speed': 5}, {'layer': '250mb', 'direction': 215, 'speed': 5}, {'layer': '200mb', 'direction': 210, 'speed': 7}]",26,-1,12,1012,none,2,0,100,3,Papua New Guinea
30,93,4,-9999,-9999,-9999,"[{'layer': '950mb', 'rh': 15}, {'layer': '900mb', 'rh': 13}, {'layer': '850mb', 'rh': 11}, {'layer': '800mb', 'rh': 8}, {'layer': '750mb', 'rh': 1}, {'layer': '700mb', 'rh': -2}, {'layer': '650mb', 'rh': -2}, {'layer': '600mb', 'rh': -2}, {'layer': '550mb', 'rh': -3}, {'layer': '500mb', 'rh': -2}, {'layer': '450mb', 'rh': -2}, {'layer': '400mb', 'rh': 2}, {'layer': '350mb', 'rh': 15}, {'layer': '300mb', 'rh': 10}, {'layer': '250mb', 'rh': 10}, {'layer': '200mb', 'rh': 1}]","[{'layer': '950mb', 'direction': 90, 'speed': 4}, {'layer': '900mb', 'direction': 85, 'speed': 5}, {'layer': '850mb', 'direction': 85, 'speed': 5}, {'layer': '800mb', 'direction': 85, 'speed': 5}, {'layer': '750mb', 'direction': 75, 'speed': 3}, {'layer': '700mb', 'direction': 70, 'speed': 3}, {'layer': '650mb', 'direction': 320, 'speed': 2}, {'layer': '600mb', 'direction': 255, 'speed': 3}, {'layer': '550mb', 'direction': 260, 'speed': 5}, {'layer': '500mb', 'direction': 270, 'speed': 5}, {'layer': '450mb', 'direction': 255, 'speed': 5}, {'layer': '400mb', 'direction': 245, 'speed': 5}, {'layer': '350mb', 'direction': 225, 'speed': 5}, {'layer': '300mb', 'direction': 225, 'speed': 5}, {'layer': '250mb', 'direction': 210, 'speed': 6}, {'layer': '200mb', 'direction': 220, 'speed': 7}]",26,-1,12,1012,none,2,0,95,3,Papua New Guinea
31,96,5,-9999,-9999,-9999,"[{'layer': '950mb', 'rh': 14}, {'layer': '900mb', 'rh': 13}, {'layer': '850mb', 'rh': 10}, {'layer': '800mb', 'rh': 7}, {'layer': '750mb', 'rh': 3}, {'layer': '700mb', 'rh': -1}, {'layer': '650mb', 'rh': -2}, {'layer': '600mb', 'rh': -2}, {'layer': '550mb', 'rh': -3}, {'layer': '500mb', 'rh': -2}, {'layer': '450mb', 'rh': -2}, {'layer': '400mb', 'rh': 12}, {'layer': '350mb', 'rh': 14}, {'layer': '300mb', 'rh': 9}, {'layer': '250mb', 'rh': 11}, {'layer': '200mb', 'rh': 3}]","[{'layer': '950mb', 'direction': 85, 'speed': 4}, {'layer': '900mb', 'direction': 80, 'speed': 5}, {'layer': '850mb', 'direction': 80, 'speed': 5}, {'layer': '800mb', 'direction': 80, 'speed': 4}, {'layer': '750mb', 'direction': 80, 'speed': 4}, {'layer': '700mb', 'direction': 80, 'speed': 3}, {'layer': '650mb', 'direction': 285, 'speed': 2}, {'layer': '600mb', 'direction': 255, 'speed': 3}, {'layer': '550mb', 'direction': 255, 'speed': 5}, {'layer': '500mb', 'direction': 270, 'speed': 5}, {'layer': '450mb', 'direction': 250, 'speed': 5}, {'layer': '400mb', 'direction': 245, 'speed': 6}, {'layer': '350mb', 'direction': 220, 'speed': 5}, {'layer': '300mb', 'direction': 220, 'speed': 6}, {'layer': '250mb', 'direction': 210, 'speed': 6}, {'layer': '200mb', 'direction': 220, 'speed': 6}]",26,-1,12,1010,rain,2,0,85,3,Papua New Guinea
32,99,8,-9999,-9999,-9999,"[{'layer': '950mb', 'rh': 15}, {'layer': '900mb', 'rh': 12}, {'layer': '850mb', 'rh': 11}, {'layer': '800mb', 'rh': 6}, {'layer': '750mb', 'rh': 2}, {'layer': '700mb', 'rh': -2}, {'layer': '650mb', 'rh': -2}, {'layer': '600mb', 'rh': -2}, {'layer': '550mb', 'rh': -3}, {'layer': '500mb', 'rh': -1}, {'layer': '450mb', 'rh': 0}, {'layer': '400mb', 'rh': 8}, {'layer': '350mb', 'rh': 15}, {'layer': '300mb', 'rh': 16}, {'layer': '250mb', 'rh': 7}, {'layer': '200mb', 'rh': 5}]","[{'layer': '950mb', 'direction': 80, 'speed': 4}, {'layer': '900mb', 'direction': 80, 'speed': 5}, {'layer': '850mb', 'direction': 85, 'speed': 5}, {'layer': '800mb', 'direction': 80, 'speed': 4}, {'layer': '750mb', 'direction': 80, 'speed': 4}, {'layer': '700mb', 'direction': 85, 'speed': 3}, {'layer': '650mb', 'direction': 305, 'speed': 1}, {'layer': '600mb', 'direction': 255, 'speed': 3}, {'layer': '550mb', 'direction': 255, 'speed': 5}, {'layer': '500mb', 'direction': 265, 'speed': 5}, {'layer': '450mb', 'direction': 250, 'speed': 5}, {'layer': '400mb', 'direction': 245, 'speed': 5}, {'layer': '350mb', 'direction': 220, 'speed': 5}, {'layer': '300mb', 'direction': 210, 'speed': 6}, {'layer': '250mb', 'direction': 215, 'speed': 6}, {'layer': '200mb', 'direction': 220, 'speed': 6}]",26,-1,12,1011,rain,2,0,80,3,Papua New Guinea
33,102,8,-9999,-9999,-9999,"[{'layer': '950mb', 'rh': 15}, {'layer': '900mb', 'rh': 13}, {'layer': '850mb', 'rh': 12}, {'layer': '800mb', 'rh': 8}, {'layer': '750mb', 'rh': 4}, {'layer': '700mb', 'rh': 0}, {'layer': '650mb', 'rh': -2}, {'layer': '600mb', 'rh': -2}, {'layer': '550mb', 'rh': -3}, {'layer': '500mb', 'rh': -2}, {'layer': '450mb', 'rh': 3}, {'layer': '400mb', 'rh': 13}, {'layer': '350mb', 'rh': 16}, {'layer': '300mb', 'rh': 10}, {'layer': '250mb', 'rh': 5}, {'layer': '200mb', 'rh': 0}]","[{'layer': '950mb', 'direction': 85, 'speed': 4}, {'layer': '900mb', 'direction': 85, 'speed': 4}, {'layer': '850mb', 'direction': 85, 'speed': 4}, {'layer': '800mb', 'direction': 85, 'speed': 4}, {'layer': '750mb', 'direction': 85, 'speed': 3}, {'layer': '700mb', 'direction': 80, 'speed': 3}, {'layer': '650mb', 'direction': 345, 'speed': 2}, {'layer': '600mb', 'direction': 255, 'speed': 3}, {'layer': '550mb', 'direction': 250, 'speed': 5}, {'layer': '500mb', 'direction': 265, 'speed': 5}, {'layer': '450mb', 'direction': 240, 'speed': 5}, {'layer': '400mb', 'direction': 245, 'speed': 5}, {'layer': '350mb', 'direction': 225, 'speed': 5}, {'layer': '300mb', 'direction': 215, 'speed': 5}, {'layer': '250mb', 'direction': 220, 'speed': 6}, {'layer': '200mb', 'direction': 210, 'speed': 6}]",26,-1,12,1013,rain,2,0,85,3,Papua New Guinea
34,105,7,-9999,-9999,-9999,"[{'layer': '950mb', 'rh': 15}, {'layer': '900mb', 'rh': 13}, {'layer': '850mb', 'rh': 10}, {'layer': '800mb', 'rh': 9}, {'layer': '750mb', 'rh': 5}, {'layer': '700mb', 'rh': 0}, {'layer': '650mb', 'rh': -2}, {'layer': '600mb', 'rh': -2}, {'layer': '550mb', 'rh': 0}, {'layer': '500mb', 'rh': -3}, {'layer': '450mb', 'rh': 5}, {'layer': '400mb', 'rh': 13}, {'layer': '350mb', 'rh': 11}, {'layer': '300mb', 'rh': 7}, {'layer': '250mb', 'rh': 5}, {'layer': '200mb', 'rh': 4}]","[{'layer': '950mb', 'direction': 85, 'speed': 4}, {'layer': '900mb', 'direction': 85, 'speed': 5}, {'layer': '850mb', 'direction': 90, 'speed': 5}, {'layer': '800mb', 'direction': 90, 'speed': 4}, {'layer': '750mb', 'direction': 90, 'speed': 4}, {'layer': '700mb', 'direction': 80, 'speed': 3}, {'layer': '650mb', 'direction': 5, 'speed': 2}, {'layer': '600mb', 'direction': 260, 'speed': 3}, {'layer': '550mb', 'direction': 255, 'speed': 5}, {'layer': '500mb', 'direction': 255, 'speed': 5}, {'layer': '450mb', 'direction': 250, 'speed': 5}, {'layer': '400mb', 'direction': 225, 'speed': 5}, {'layer': '350mb', 'direction': 220, 'speed': 5}, {'layer': '300mb', 'direction': 215, 'speed': 5}, {'layer': '250mb', 'direction': 215, 'speed': 6}, {'layer': '200mb', 'direction': 205, 'speed': 6}]",25,-1,12,1011,rain,3,0,85,4,Papua New Guinea
35,108,6,-9999,-9999,-9999,"[{'layer': '950mb', 'rh': 14}, {'layer': '900mb', 'rh': 13}, {'layer': '850mb', 'rh': 7}, {'layer': '800mb', 'rh': 3}, {'layer': '750mb', 'rh': 6}, {'layer': '700mb', 'rh': 1}, {'layer': '650mb', 'rh': -2}, {'layer': '600mb', 'rh': -1}, {'layer': '550mb', 'rh': 2}, {'layer': '500mb', 'rh': -3}, {'layer': '450mb', 'rh': 5}, {'layer': '400mb', 'rh': 13}, {'layer': '350mb', 'rh': 9}, {'layer': '300mb', 'rh': 5}, {'layer': '250mb', 'rh': 6}, {'layer': '200mb', 'rh': 4}]","[{'layer': '950mb', 'direction': 85, 'speed': 4}, {'layer': '900mb', 'direction': 85, 'speed': 5}, {'layer': '850mb', 'direction': 85, 'speed': 5}, {'layer': '800mb', 'direction': 95, 'speed': 5}, {'layer': '750mb', 'direction': 100, 'speed': 3}, {'layer': '700mb', 'direction': 90, 'speed': 3}, {'layer': '650mb', 'direction': 160, 'speed': 1}, {'layer': '600mb', 'direction': 245, 'speed': 3}, {'layer': '550mb', 'direction': 245, 'speed': 5}, {'layer': '500mb', 'direction': 255, 'speed': 5}, {'layer': '450mb', 'direction': 255, 'speed': 5}, {'layer': '400mb', 'direction': 235, 'speed': 5}, {'layer': '350mb', 'direction': 220, 'speed': 5}, {'layer': '300mb', 'direction': 220, 'speed': 5}, {'layer': '250mb', 'direction': 215, 'speed': 6}, {'layer': '200mb', 'direction': 220, 'speed': 6}]",25,-1,11,1009,rain,3,0,85,3,Papua New Guinea
36,111,2,-9999,-9999,-9999,"[{'layer': '950mb', 'rh': 13}, {'layer': '900mb', 'rh': 7}, {'layer': '850mb', 'rh': 4}, {'layer': '800mb', 'rh': 2}, {'layer': '750mb', 'rh': 2}, {'layer': '700mb', 'rh': 1}, {'layer': '650mb', 'rh': -1}, {'layer': '600mb', 'rh': 0}, {'layer': '550mb', 'rh': 1}, {'layer': '500mb', 'rh': -3}, {'layer': '450mb', 'rh': 3}, {'layer': '400mb', 'rh': 12}, {'layer': '350mb', 'rh': 10}, {'layer': '300mb', 'rh': 6}, {'layer': '250mb', 'rh': 3}, {'layer': '200mb', 'rh': 5}]","[{'layer': '950mb', 'direction': 85, 'speed': 5}, {'layer': '900mb', 'direction': 90, 'speed': 5}, {'layer': '850mb', 'direction': 95, 'speed': 5}, {'layer': '800mb', 'direction': 95, 'speed': 5}, {'layer': '750mb', 'direction': 95, 'speed': 4}, {'layer': '700mb', 'direction': 95, 'speed': 3}, {'layer': '650mb', 'direction': 220, 'speed': 2}, {'layer': '600mb', 'direction': 235, 'speed': 3}, {'layer': '550mb', 'direction': 245, 'speed': 5}, {'layer': '500mb', 'direction': 245, 'speed': 5}, {'layer': '450mb', 'direction': 255, 'speed': 5}, {'layer': '400mb', 'direction': 235, 'speed': 5}, {'layer': '350mb', 'direction': 235, 'speed': 5}, {'layer': '300mb', 'direction': 220, 'speed': 5}, {'layer': '250mb', 'direction': 215, 'speed': 6}, {'layer': '200mb', 'direction': 225, 'speed': 6}]",26,-1,12,1010,rain,3,0,85,4,Papua New Guinea
37,114,2,-9999,-9999,-9999,"[{'layer': '950mb', 'rh': 13}, {'layer': '900mb', 'rh': 10}, {'layer': '850mb', 'rh': 2}, {'layer': '800mb', 'rh': 0}, {'layer': '750mb', 'rh': 1}, {'layer': '700mb', 'rh': 1}, {'layer': '650mb', 'rh': -1}, {'layer': '600mb', 'rh': 1}, {'layer': '550mb', 'rh': -1}, {'layer': '500mb', 'rh': -3}, {'layer': '450mb', 'rh': 1}, {'layer': '400mb', 'rh': 10}, {'layer': '350mb', 'rh': 8}, {'layer': '300mb', 'rh': 8}, {'layer': '250mb', 'rh': 3}, {'layer': '200mb', 'rh': 3}]","[{'layer': '950mb', 'direction': 80, 'speed': 5}, {'layer': '900mb', 'direction': 85, 'speed': 5}, {'layer': '850mb', 'direction': 90, 'speed': 5}, {'layer': '800mb', 'direction': 100, 'speed': 5}, {'layer': '750mb', 'direction': 100, 'speed': 5}, {'layer': '700mb', 'direction': 100, 'speed': 3}, {'layer': '650mb', 'direction': 155, 'speed': 2}, {'layer': '600mb', 'direction': 225, 'speed': 3}, {'layer': '550mb', 'direction': 240, 'speed': 5}, {'layer': '500mb', 'direction': 250, 'speed': 5}, {'layer': '450mb', 'direction': 255, 'speed': 5}, {'layer': '400mb', 'direction': 240, 'speed': 4}, {'layer': '350mb', 'direction': 240, 'speed': 5}, {'layer': '300mb', 'direction': 225, 'speed': 5}, {'layer': '250mb', 'direction': 210, 'speed': 6}, {'layer': '200mb', 'direction': 230, 'speed': 6}]",26,-1,12,1012,rain,3,0,80,4,Papua New Guinea
38,117,2,-9999,-9999,-9999,"[{'layer': '950mb', 'rh': 14}, {'layer': '900mb', 'rh': 12}, {'layer': '850mb', 'rh': 6}, {'layer': '800mb', 'rh': -1}, {'layer': '750mb', 'rh': 0}, {'layer': '700mb', 'rh': 0}, {'layer': '650mb', 'rh': -1}, {'layer': '600mb', 'rh': 2}, {'layer': '550mb', 'rh': 0}, {'layer': '500mb', 'rh': 1}, {'layer': '450mb', 'rh': 6}, {'layer': '400mb', 'rh': 9}, {'layer': '350mb', 'rh': 8}, {'layer': '300mb', 'rh': 9}, {'layer': '250mb', 'rh': 7}, {'layer': '200mb', 'rh': 3}]","[{'layer': '950mb', 'direction': 80, 'speed': 4}, {'layer': '900mb', 'direction': 90, 'speed': 5}, {'layer': '850mb', 'direction': 95, 'speed': 5}, {'layer': '800mb', 'direction': 100, 'speed': 5}, {'layer': '750mb', 'direction': 100, 'speed': 5}, {'layer': '700mb', 'direction': 105, 'speed': 3}, {'layer': '650mb', 'direction': 160, 'speed': 2}, {'layer': '600mb', 'direction': 225, 'speed': 3}, {'layer': '550mb', 'direction': 235, 'speed': 5}, {'layer': '500mb', 'direction': 240, 'speed': 5}, {'layer': '450mb', 'direction': 260, 'speed': 5}, {'layer': '400mb', 'direction': 240, 'speed': 4}, {'layer': '350mb', 'direction': 230, 'speed': 5}, {'layer': '300mb', 'direction': 235, 'speed': 5}, {'layer': '250mb', 'direction': 215, 'speed': 6}, {'layer': '200mb', 'direction': 235, 'speed': 6}]",26,-1,11,1012,none,3,0,80,4,Papua New Guinea
39,120,2,-9999,-9999,-9999,"[{'layer': '950mb', 'rh': 14}, {'layer': '900mb', 'rh': 13}, {'layer': '850mb', 'rh': 12}, {'layer': '800mb', 'rh': 11}, {'layer': '750mb', 'rh': -1}, {'layer': '700mb', 'rh': 1}, {'layer': '650mb', 'rh': 0}, {'layer': '600mb', 'rh': 3}, {'layer': '550mb', 'rh': 5}, {'layer': '500mb', 'rh': -2}, {'layer': '450mb', 'rh': 2}, {'layer': '400mb', 'rh': 7}, {'layer': '350mb', 'rh': 8}, {'layer': '300mb', 'rh': 10}, {'layer': '250mb', 'rh': 9}, {'layer': '200mb', 'rh': 4}]","[{'layer': '950mb', 'direction': 80, 'speed': 4}, {'layer': '900mb', 'direction': 85, 'speed': 5}, {'layer': '850mb', 'direction': 90, 'speed': 5}, {'layer': '800mb', 'direction': 95, 'speed': 5}, {'layer': '750mb', 'direction': 100, 'speed': 5}, {'layer': '700mb', 'direction': 105, 'speed': 3}, {'layer': '650mb', 'direction': 155, 'speed': 2}, {'layer': '600mb', 'direction': 215, 'speed': 3}, {'layer': '550mb', 'direction': 225, 'speed': 5}, {'layer': '500mb', 'direction': 245, 'speed': 5}, {'layer': '450mb', 'direction': 265, 'speed': 6}, {'layer': '400mb', 'direction': 240, 'speed': 5}, {'layer': '350mb', 'direction': 240, 'speed': 5}, {'layer': '300mb', 'direction': 250, 'speed': 5}, {'layer': '250mb', 'direction': 220, 'speed': 6}, {'layer': '200mb', 'direction': 255, 'speed': 6}]",25,-1,11,1010,none,3,0,75,3,Papua New Guinea
40,123,2,-9999,-9999,-9999,"[{'layer': '950mb', 'rh': 14}, {'layer': '900mb', 'rh': 14}, {'layer': '850mb', 'rh': 14}, {'layer': '800mb', 'rh': 12}, {'layer': '750mb', 'rh': 5}, {'layer': '700mb', 'rh': 2}, {'layer': '650mb', 'rh': 0}, {'layer': '600mb', 'rh': 4}, {'layer': '550mb', 'rh': 6}, {'layer': '500mb', 'rh': 7}, {'layer': '450mb', 'rh': 7}, {'layer': '400mb', 'rh': 7}, {'layer': '350mb', 'rh': 10}, {'layer': '300mb', 'rh': 11}, {'layer': '250mb', 'rh': 11}, {'layer': '200mb', 'rh': 2}]","[{'layer': '950mb', 'direction': 80, 'speed': 5}, {'layer': '900mb', 'direction': 85, 'speed': 5}, {'layer': '850mb', 'direction': 90, 'speed': 5}, {'layer': '800mb', 'direction': 100, 'speed': 5}, {'layer': '750mb', 'direction': 100, 'speed': 4}, {'layer': '700mb', 'direction': 100, 'speed': 3}, {'layer': '650mb', 'direction': 140, 'speed': 2}, {'layer': '600mb', 'direction': 215, 'speed': 3}, {'layer': '550mb', 'direction': 235, 'speed': 5}, {'layer': '500mb', 'direction': 245, 'speed': 5}, {'layer': '450mb', 'direction': 260, 'speed': 5}, {'layer': '400mb', 'direction': 240, 'speed': 5}, {'layer': '350mb', 'direction': 245, 'speed': 5}, {'layer': '300mb', 'direction': 245, 'speed': 5}, {'layer': '250mb', 'direction': 220, 'speed': 6}, {'layer': '200mb', 'direction': 260, 'speed': 6}]",25,-1,11,1011,rain,3,0,80,4,Papua New Guinea
41,126,2,-9999,-9999,-9999,"[{'layer': '950mb', 'rh': 13}, {'layer': '900mb', 'rh': 13}, {'layer': '850mb', 'rh': 3}, {'layer': '800mb', 'rh': 1}, {'layer': '750mb', 'rh': 1}, {'layer': '700mb', 'rh': 4}, {'layer': '650mb', 'rh': 3}, {'layer': '600mb', 'rh': 7}, {'layer': '550mb', 'rh': 5}, {'layer': '500mb', 'rh': 9}, {'layer': '450mb', 'rh': 7}, {'layer': '400mb', 'rh': 8}, {'layer': '350mb', 'rh': 11}, {'layer': '300mb', 'rh': 8}, {'layer': '250mb', 'rh': 7}, {'layer': '200mb', 'rh': 3}]","[{'layer': '950mb', 'direction': 90, 'speed': 5}, {'layer': '900mb', 'direction': 90, 'speed': 5}, {'layer': '850mb', 'direction': 100, 'speed': 5}, {'layer': '800mb', 'direction': 105, 'speed': 5}, {'layer': '750mb', 'direction': 105, 'speed': 5}, {'layer': '700mb', 'direction': 100, 'speed': 3}, {'layer': '650mb', 'direction': 130, 'speed': 3}, {'layer': '600mb', 'direction': 210, 'speed': 3}, {'layer': '550mb', 'direction': 235, 'speed': 4}, {'layer': '500mb', 'direction': 245, 'speed': 5}, {'layer': '450mb', 'direction': 255, 'speed': 5}, {'layer': '400mb', 'direction': 250, 'speed': 5}, {'layer': '350mb', 'direction': 255, 'speed': 5}, {'layer': '300mb', 'direction': 230, 'speed': 5}, {'layer': '250mb', 'direction': 220, 'speed': 6}, {'layer': '200mb', 'direction': 265, 'speed': 6}]",25,-1,11,1013,rain,3,0,85,4,Papua New Guinea
42,129,2,-9999,-9999,-9999,"[{'layer': '950mb', 'rh': 14}, {'layer': '900mb', 'rh': 13}, {'layer': '850mb', 'rh': 10}, {'layer': '800mb', 'rh': 3}, {'layer': '750mb', 'rh': -1}, {'layer': '700mb', 'rh': 0}, {'layer': '650mb', 'rh': 5}, {'layer': '600mb', 'rh': 7}, {'layer': '550mb', 'rh': 8}, {'layer': '500mb', 'rh': 10}, {'layer': '450mb', 'rh': 8}, {'layer': '400mb', 'rh': 10}, {'layer': '350mb', 'rh': 6}, {'layer': '300mb', 'rh': 10}, {'layer': '250mb', 'rh': 5}, {'layer': '200mb', 'rh': 3}]","[{'layer': '950mb', 'direction': 90, 'speed': 4}, {'layer': '900mb', 'direction': 90, 'speed': 5}, {'layer': '850mb', 'direction': 90, 'speed': 5}, {'layer': '800mb', 'direction': 95, 'speed': 5}, {'layer': '750mb', 'direction': 100, 'speed': 5}, {'layer': '700mb', 'direction': 100, 'speed': 5}, {'layer': '650mb', 'direction': 135, 'speed': 3}, {'layer': '600mb', 'direction': 215, 'speed': 3}, {'layer': '550mb', 'direction': 230, 'speed': 4}, {'layer': '500mb', 'direction': 235, 'speed': 5}, {'layer': '450mb', 'direction': 255, 'speed': 5}, {'layer': '400mb', 'direction': 260, 'speed': 5}, {'layer': '350mb', 'direction': 250, 'speed': 5}, {'layer': '300mb', 'direction': 245, 'speed': 5}, {'layer': '250mb', 'direction': 220, 'speed': 5}, {'layer': '200mb', 'direction': 270, 'speed': 6}]",26,-1,11,1011,none,3,0,85,4,Papua New Guinea
43,132,2,-9999,-9999,-9999,"[{'layer': '950mb', 'rh': 14}, {'layer': '900mb', 'rh': 12}, {'layer': '850mb', 'rh': 6}, {'layer': '800mb', 'rh': 1}, {'layer': '750mb', 'rh': 0}, {'layer': '700mb', 'rh': 0}, {'layer': '650mb', 'rh': 5}, {'layer': '600mb', 'rh': 8}, {'layer': '550mb', 'rh': 10}, {'layer': '500mb', 'rh': 9}, {'layer': '450mb', 'rh': 10}, {'layer': '400mb', 'rh': 7}, {'layer': '350mb', 'rh': 7}, {'layer': '300mb', 'rh': 9}, {'layer': '250mb', 'rh': 6}, {'layer': '200mb', 'rh': 4}]","[{'layer': '950mb', 'direction': 85, 'speed': 4}, {'layer': '900mb', 'direction': 85, 'speed': 5}, {'layer': '850mb', 'direction': 90, 'speed': 5}, {'layer': '800mb', 'direction': 90, 'speed': 6}, {'layer': '750mb', 'direction': 95, 'speed': 5}, {'layer': '700mb', 'direction': 95, 'speed': 5}, {'layer': '650mb', 'direction': 150, 'speed': 2}, {'layer': '600mb', 'direction': 200, 'speed': 3}, {'layer': '550mb', 'direction': 210, 'speed': 3}, {'layer': '500mb', 'direction': 230, 'speed': 5}, {'layer': '450mb', 'direction': 255, 'speed': 5}, {'layer': '400mb', 'direction': 260, 'speed': 5}, {'layer': '350mb', 'direction': 250, 'speed': 5}, {'layer': '300mb', 'direction': 240, 'speed': 5}, {'layer': '250mb', 'direction': 220, 'speed': 6}, {'layer': '200mb', 'direction': 280, 'speed': 6}]",26,-1,11,1008,rain,3,0,90,4,Papua New Guinea
44,135,4,-9999,-9999,-9999,"[{'layer': '950mb', 'rh': 14}, {'layer': '900mb', 'rh': 11}, {'layer': '850mb', 'rh': 8}, {'layer': '800mb', 'rh': 3}, {'layer': '750mb', 'rh': 4}, {'layer': '700mb', 'rh': 1}, {'layer': '650mb', 'rh': 5}, {'layer': '600mb', 'rh': 13}, {'layer': '550mb', 'rh': 11}, {'layer': '500mb', 'rh': 10}, {'layer': '450mb', 'rh': 8}, {'layer': '400mb', 'rh': 6}, {'layer': '350mb', 'rh': 7}, {'layer': '300mb', 'rh': 14}, {'layer': '250mb', 'rh': 9}, {'layer': '200mb', 'rh': 4}]","[{'layer': '950mb', 'direction': 90, 'speed': 5}, {'layer': '900mb', 'direction': 85, 'speed': 5}, {'layer': '850mb', 'direction': 85, 'speed': 5}, {'layer': '800mb', 'direction': 90, 'speed': 6}, {'layer': '750mb', 'direction': 95, 'speed': 5}, {'layer': '700mb', 'direction': 90, 'speed': 5}, {'layer': '650mb', 'direction': 130, 'speed': 3}, {'layer': '600mb', 'direction': 170, 'speed': 3}, {'layer': '550mb', 'direction': 200, 'speed': 3}, {'layer': '500mb', 'direction': 225, 'speed': 5}, {'layer': '450mb', 'direction': 250, 'speed': 5}, {'layer': '400mb', 'direction': 260, 'speed': 5}, {'layer': '350mb', 'direction': 250, 'speed': 5}, {'layer': '300mb', 'direction': 250, 'speed': 6}, {'layer': '250mb', 'direction': 235, 'speed': 6}, {'layer': '200mb', 'direction': 265, 'speed': 5}]",26,-1,12,1009,rain,3,0,90,4,Papua New Guinea
45,138,5,-9999,-9999,-9999,"[{'layer': '950mb', 'rh': 14}, {'layer': '900mb', 'rh': 11}, {'layer': '850mb', 'rh': 8}, {'layer': '800mb', 'rh': 2}, {'layer': '750mb', 'rh': 1}, {'layer': '700mb', 'rh': 3}, {'layer': '650mb', 'rh': 4}, {'layer': '600mb', 'rh': 12}, {'layer': '550mb', 'rh': 12}, {'layer': '500mb', 'rh': 11}, {'layer': '450mb', 'rh': 8}, {'layer': '400mb', 'rh': 6}, {'layer': '350mb', 'rh': 11}, {'layer': '300mb', 'rh': 11}, {'layer': '250mb', 'rh': 15}, {'layer': '200mb', 'rh': 3}]","[{'layer': '950mb', 'direction': 90, 'speed': 5}, {'layer': '900mb', 'direction': 90, 'speed': 5}, {'layer': '850mb', 'direction': 95, 'speed': 5}, {'layer': '800mb', 'direction': 95, 'speed': 5}, {'layer': '750mb', 'direction': 95, 'speed': 5}, {'layer': '700mb', 'direction': 90, 'speed': 5}, {'layer': '650mb', 'direction': 85, 'speed': 3}, {'layer': '600mb', 'direction': 150, 'speed': 3}, {'layer': '550mb', 'direction': 195, 'speed': 3}, {'layer': '500mb', 'direction': 225, 'speed': 4}, {'layer': '450mb', 'direction': 245, 'speed': 5}, {'layer': '400mb', 'direction': 255, 'speed': 5}, {'layer': '350mb', 'direction': 250, 'speed': 5}, {'layer': '300mb', 'direction': 260, 'speed': 6}, {'layer': '250mb', 'direction': 245, 'speed': 6}, {'layer': '200mb', 'direction': 260, 'speed': 6}]",26,-1,12,1010,rain,3,0,90,4,Papua New Guinea
46,141,7,-9999,-9999,-9999,"[{'layer': '950mb', 'rh': 14}, {'layer': '900mb', 'rh': 12}, {'layer': '850mb', 'rh': 5}, {'layer': '800mb', 'rh': 0}, {'layer': '750mb', 'rh': 0}, {'layer': '700mb', 'rh': 2}, {'layer': '650mb', 'rh': 3}, {'layer': '600mb', 'rh': 11}, {'layer': '550mb', 'rh': 12}, {'layer': '500mb', 'rh': 10}, {'layer': '450mb', 'rh': 9}, {'layer': '400mb', 'rh': 6}, {'layer': '350mb', 'rh': 11}, {'layer': '300mb', 'rh': 8}, {'layer': '250mb', 'rh': 11}, {'layer': '200mb', 'rh': 3}]","[{'layer': '950mb', 'direction': 90, 'speed': 5}, {'layer': '900mb', 'direction': 95, 'speed': 5}, {'layer': '850mb', 'direction': 95, 'speed': 5}, {'layer': '800mb', 'direction': 100, 'speed': 6}, {'layer': '750mb', 'direction': 95, 'speed': 5}, {'layer': '700mb', 'direction': 90, 'speed': 5}, {'layer': '650mb', 'direction': 80, 'speed': 3}, {'layer': '600mb', 'direction': 130, 'speed': 2}, {'layer': '550mb', 'direction': 190, 'speed': 3}, {'layer': '500mb', 'direction': 225, 'speed': 5}, {'layer': '450mb', 'direction': 245, 'speed': 5}, {'layer': '400mb', 'direction': 260, 'speed': 5}, {'layer': '350mb', 'direction': 260, 'speed': 6}, {'layer': '300mb', 'direction': 260, 'speed': 6}, {'layer': '250mb', 'direction': 235, 'speed': 6}, {'layer': '200mb', 'direction': 270, 'speed': 6}]",26,-1,11,1010,rain,3,0,90,4,Papua New Guinea
47,144,5,-9999,-9999,-9999,"[{'layer': '950mb', 'rh': 13}, {'layer': '900mb', 'rh': 13}, {'layer': '850mb', 'rh': 9}, {'layer': '800mb', 'rh': 4}, {'layer': '750mb', 'rh': 2}, {'layer': '700mb', 'rh': 2}, {'layer': '650mb', 'rh': 3}, {'layer': '600mb', 'rh': 11}, {'layer': '550mb', 'rh': 12}, {'layer': '500mb', 'rh': 10}, {'layer': '450mb', 'rh': 9}, {'layer': '400mb', 'rh': 9}, {'layer': '350mb', 'rh': 9}, {'layer': '300mb', 'rh': 2}, {'layer': '250mb', 'rh': 13}, {'layer': '200mb', 'rh': 2}]","[{'layer': '950mb', 'direction': 90, 'speed': 5}, {'layer': '900mb', 'direction': 90, 'speed': 5}, {'layer': '850mb', 'direction': 85, 'speed': 5}, {'layer': '800mb', 'direction': 90, 'speed': 5}, {'layer': '750mb', 'direction': 95, 'speed': 5}, {'layer': '700mb', 'direction': 90, 'speed': 5}, {'layer': '650mb', 'direction': 80, 'speed': 3}, {'layer': '600mb', 'direction': 125, 'speed': 2}, {'layer': '550mb', 'direction': 190, 'speed': 2}, {'layer': '500mb', 'direction': 240, 'speed': 4}, {'layer': '450mb', 'direction': 245, 'speed': 5}, {'layer': '400mb', 'direction': 260, 'speed': 5}, {'layer': '350mb', 'direction': 260, 'speed': 5}, {'layer': '300mb', 'direction': 270, 'speed': 6}, {'layer': '250mb', 'direction': 240, 'speed': 6}, {'layer': '200mb', 'direction': 260, 'speed': 6}]",26,-1,11,1008,rain,3,0,85,4,Papua New Guinea
48,147,2,-9999,-9999,-9999,"[{'layer': '950mb', 'rh': 14}, {'layer': '900mb', 'rh': 13}, {'layer': '850mb', 'rh': 12}, {'layer': '800mb', 'rh': 10}, {'layer': '750mb', 'rh': 8}, {'layer': '700mb', 'rh': 3}, {'layer': '650mb', 'rh': 3}, {'layer': '600mb', 'rh': 9}, {'layer': '550mb', 'rh': 10}, {'layer': '500mb', 'rh': 10}, {'layer': '450mb', 'rh': 11}, {'layer': '400mb', 'rh': 13}, {'layer': '350mb', 'rh': 11}, {'layer': '300mb', 'rh': 1}, {'layer': '250mb', 'rh': 8}, {'layer': '200mb', 'rh': 4}]","[{'layer': '950mb', 'direction': 85, 'speed': 4}, {'layer': '900mb', 'direction': 85, 'speed': 5}, {'layer': '850mb', 'direction': 90, 'speed': 5}, {'layer': '800mb', 'direction': 90, 'speed': 5}, {'layer': '750mb', 'direction': 90, 'speed': 5}, {'layer': '700mb', 'direction': 90, 'speed': 4}, {'layer': '650mb', 'direction': 85, 'speed': 3}, {'layer': '600mb', 'direction': 140, 'speed': 2}, {'layer': '550mb', 'direction': 205, 'speed': 3}, {'layer': '500mb', 'direction': 250, 'speed': 4}, {'layer': '450mb', 'direction': 250, 'speed': 5}, {'layer': '400mb', 'direction': 260, 'speed': 5}, {'layer': '350mb', 'direction': 255, 'speed': 6}, {'layer': '300mb', 'direction': 275, 'speed': 6}, {'layer': '250mb', 'direction': 250, 'speed': 6}, {'layer': '200mb', 'direction': 245, 'speed': 6}]",25,-1,11,1009,rain,3,0,85,4,Papua New Guinea
49,150,3,-9999,-9999,-9999,"[{'layer': '950mb', 'rh': 14}, {'layer': '900mb', 'rh': 13}, {'layer': '850mb', 'rh': 12}, {'layer': '800mb', 'rh': 10}, {'layer': '750mb', 'rh': 8}, {'layer': '700mb', 'rh': 5}, {'layer': '650mb', 'rh': 5}, {'layer': '600mb', 'rh': 9}, {'layer': '550mb', 'rh': 9}, {'layer': '500mb', 'rh': 11}, {'layer': '450mb', 'rh': 9}, {'layer': '400mb', 'rh': 9}, {'layer': '350mb', 'rh': 7}, {'layer': '300mb', 'rh': 4}, {'layer': '250mb', 'rh': 11}, {'layer': '200mb', 'rh': 4}]","[{'layer': '950mb', 'direction': 85, 'speed': 4}, {'layer': '900mb', 'direction': 85, 'speed': 5}, {'layer': '850mb', 'direction': 85, 'speed': 5}, {'layer': '800mb', 'direction': 90, 'speed': 5}, {'layer': '750mb', 'direction': 90, 'speed': 5}, {'layer': '700mb', 'direction': 90, 'speed': 4}, {'layer': '650mb', 'direction': 80, 'speed': 3}, {'layer': '600mb', 'direction': 110, 'speed': 2}, {'layer': '550mb', 'direction': 205, 'speed': 2}, {'layer': '500mb', 'direction': 245, 'speed': 4}, {'layer': '450mb', 'direction': 260, 'speed': 5}, {'layer': '400mb', 'direction': 270, 'speed': 5}, {'layer': '350mb', 'direction': 260, 'speed': 6}, {'layer': '300mb', 'direction': 270, 'speed': 6}, {'layer': '250mb', 'direction': 250, 'speed': 6}, {'layer': '200mb', 'direction': 245, 'speed': 6}]",26,-1,11,1011,rain,3,0,85,4,Papua New Guinea
50,153,2,-9999,-9999,-9999,"[{'layer': '950mb', 'rh': 15}, {'layer': '900mb', 'rh': 13}, {'layer': '850mb', 'rh': 12}, {'layer': '800mb', 'rh': 10}, {'layer': '750mb', 'rh': 8}, {'layer': '700mb', 'rh': 5}, {'layer': '650mb', 'rh': 7}, {'layer': '600mb', 'rh': 10}, {'layer': '550mb', 'rh': 7}, {'layer': '500mb', 'rh': 9}, {'layer': '450mb', 'rh': 10}, {'layer': '400mb', 'rh': 8}, {'layer': '350mb', 'rh': 8}, {'layer': '300mb', 'rh': 5}, {'layer': '250mb', 'rh': 10}, {'layer': '200mb', 'rh': 3}]","[{'layer': '950mb', 'direction': 85, 'speed': 4}, {'layer': '900mb', 'direction': 80, 'speed': 5}, {'layer': '850mb', 'direction': 85, 'speed': 5}, {'layer': '800mb', 'direction': 85, 'speed': 5}, {'layer': '750mb', 'direction': 85, 'speed': 5}, {'layer': '700mb', 'direction': 85, 'speed': 4}, {'layer': '650mb', 'direction': 80, 'speed': 3}, {'layer': '600mb', 'direction': 110, 'speed': 2}, {'layer': '550mb', 'direction': 215, 'speed': 3}, {'layer': '500mb', 'direction': 250, 'speed': 4}, {'layer': '450mb', 'direction': 260, 'speed': 5}, {'layer': '400mb', 'direction': 270, 'speed': 5}, {'layer': '350mb', 'direction': 270, 'speed': 6}, {'layer': '300mb', 'direction': 280, 'speed': 6}, {'layer': '250mb', 'direction': 260, 'speed': 6}, {'layer': '200mb', 'direction': 245, 'speed': 6}]",25,-1,12,1009,rain,3,0,85,4,Papua New Guinea
51,156,3,-9999,-9999,-9999,"[{'layer': '950mb', 'rh': 15}, {'layer': '900mb', 'rh': 13}, {'layer': '850mb', 'rh': 12}, {'layer': '800mb', 'rh': 11}, {'layer': '750mb', 'rh': 7}, {'layer': '700mb', 'rh': 6}, {'layer': '650mb', 'rh': 8}, {'layer': '600mb', 'rh': 10}, {'layer': '550mb', 'rh': 6}, {'layer': '500mb', 'rh': 9}, {'layer': '450mb', 'rh': 10}, {'layer': '400mb', 'rh': 8}, {'layer': '350mb', 'rh': 6}, {'layer': '300mb', 'rh': 7}, {'layer': '250mb', 'rh': 14}, {'layer': '200mb', 'rh': 11}]","[{'layer': '950mb', 'direction': 85, 'speed': 4}, {'layer': '900mb', 'direction': 80, 'speed': 4}, {'layer': '850mb', 'direction': 80, 'speed': 5}, {'layer': '800mb', 'direction': 85, 'speed': 5}, {'layer': '750mb', 'direction': 85, 'speed': 5}, {'layer': '700mb', 'direction': 85, 'speed': 4}, {'layer': '650mb', 'direction': 70, 'speed': 3}, {'layer': '600mb', 'direction': 80, 'speed': 2}, {'layer': '550mb', 'direction': 230, 'speed': 3}, {'layer': '500mb', 'direction': 250, 'speed': 4}, {'layer': '450mb', 'direction': 270, 'speed': 5}, {'layer': '400mb', 'direction': 265, 'speed': 6}, {'layer': '350mb', 'direction': 275, 'speed': 6}, {'layer': '300mb', 'direction': 280, 'speed': 6}, {'layer': '250mb', 'direction': 275, 'speed': 6}, {'layer': '200mb', 'direction': 240, 'speed': 7}]",25,-1,12,1007,rain,3,0,85,3,Papua New Guinea
52,159,2,-9999,-9999,-9999,"[{'layer': '950mb', 'rh': 15}, {'layer': '900mb', 'rh': 13}, {'layer': '850mb', 'rh': 13}, {'layer': '800mb', 'rh': 10}, {'layer': '750mb', 'rh': 6}, {'layer': '700mb', 'rh': 6}, {'layer': '650mb', 'rh': 9}, {'layer': '600mb', 'rh': 10}, {'layer': '550mb', 'rh': 6}, {'layer': '500mb', 'rh': 10}, {'layer': '450mb', 'rh': 10}, {'layer': '400mb', 'rh': 11}, {'layer': '350mb', 'rh': 4}, {'layer': '300mb', 'rh': 10}, {'layer': '250mb', 'rh': 10}, {'layer': '200mb', 'rh': 6}]","[{'layer': '950mb', 'direction': 80, 'speed': 4}, {'layer': '900mb', 'direction': 80, 'speed': 4}, {'layer': '850mb', 'direction': 80, 'speed': 4}, {'layer': '800mb', 'direction': 80, 'speed': 5}, {'layer': '750mb', 'direction': 85, 'speed': 4}, {'layer': '700mb', 'direction': 85, 'speed': 3}, {'layer': '650mb', 'direction': 95, 'speed': 3}, {'layer': '600mb', 'direction': 160, 'speed': 2}, {'layer': '550mb', 'direction': 240, 'speed': 3}, {'layer': '500mb', 'direction': 255, 'speed': 4}, {'layer': '450mb', 'direction': 275, 'speed': 5}, {'layer': '400mb', 'direction': 270, 'speed': 6}, {'layer': '350mb', 'direction': 280, 'speed': 6}, {'layer': '300mb', 'direction': 280, 'speed': 6}, {'layer': '250mb', 'direction': 260, 'speed': 6}, {'layer': '200mb', 'direction': 245, 'speed': 7}]",25,-1,12,1008,rain,3,0,85,3,Papua New Guinea
53,162,4,-9999,-9999,-9999,"[{'layer': '950mb', 'rh': 14}, {'layer': '900mb', 'rh': 12}, {'layer': '850mb', 'rh': 13}, {'layer': '800mb', 'rh': 10}, {'layer': '750mb', 'rh': 6}, {'layer': '700mb', 'rh': 5}, {'layer': '650mb', 'rh': 9}, {'layer': '600mb', 'rh': 9}, {'layer': '550mb', 'rh': 5}, {'layer': '500mb', 'rh': 11}, {'layer': '450mb', 'rh': 12}, {'layer': '400mb', 'rh': 15}, {'layer': '350mb', 'rh': 5}, {'layer': '300mb', 'rh': 8}, {'layer': '250mb', 'rh': 4}, {'layer': '200mb', 'rh': 4}]","[{'layer': '950mb', 'direction': 85, 'speed': 4}, {'layer': '900mb', 'direction': 80, 'speed': 5}, {'layer': '850mb', 'direction': 85, 'speed': 5}, {'layer': '800mb', 'direction': 90, 'speed': 5}, {'layer': '750mb', 'direction': 85, 'speed': 4}, {'layer': '700mb', 'direction': 80, 'speed': 4}, {'layer': '650mb', 'direction': 95, 'speed': 3}, {'layer': '600mb', 'direction': 170, 'speed': 2}, {'layer': '550mb', 'direction': 250, 'speed': 3}, {'layer': '500mb', 'direction': 265, 'speed': 5}, {'layer': '450mb', 'direction': 280, 'speed': 6}, {'layer': '400mb', 'direction': 270, 'speed': 6}, {'layer': '350mb', 'direction': 280, 'speed': 6}, {'layer': '300mb', 'direction': 280, 'speed': 6}, {'layer': '250mb', 'direction': 265, 'speed': 6}, {'layer': '200mb', 'direction': 245, 'speed': 7}]",25,-1,11,1010,rain,3,0,85,3,Papua New Guinea
54,165,2,-9999,-9999,-9999,"[{'layer': '950mb', 'rh': 14}, {'layer': '900mb', 'rh': 11}, {'layer': '850mb', 'rh': 10}, {'layer': '800mb', 'rh': 6}, {'layer': '750mb', 'rh': 6}, {'layer': '700mb', 'rh': 1}, {'layer': '650mb', 'rh': 8}, {'layer': '600mb', 'rh': 9}, {'layer': '550mb', 'rh': 7}, {'layer': '500mb', 'rh': 11}, {'layer': '450mb', 'rh': 8}, {'layer': '400mb', 'rh': 16}, {'layer': '350mb', 'rh': 7}, {'layer': '300mb', 'rh': 5}, {'layer': '250mb', 'rh': 6}, {'layer': '200mb', 'rh': 4}]","[{'layer': '950mb', 'direction': 90, 'speed': 4}, {'layer': '900mb', 'direction': 85, 'speed': 5}, {'layer': '850mb', 'direction': 85, 'speed': 5}, {'layer': '800mb', 'direction': 95, 'speed': 5}, {'layer': '750mb', 'direction': 95, 'speed': 5}, {'layer': '700mb', 'direction': 90, 'speed': 4}, {'layer': '650mb', 'direction': 90, 'speed': 3}, {'layer': '600mb', 'direction': 185, 'speed': 2}, {'layer': '550mb', 'direction': 255, 'speed': 3}, {'layer': '500mb', 'direction': 270, 'speed': 5}, {'layer': '450mb', 'direction': 285, 'speed': 6}, {'layer': '400mb', 'direction': 275, 'speed': 5}, {'layer': '350mb', 'direction': 270, 'speed': 6}, {'layer': '300mb', 'direction': 290, 'speed': 6}, {'layer': '250mb', 'direction': 270, 'speed': 6}, {'layer': '200mb', 'direction': 245, 'speed': 7}]",25,-1,11,1009,rain,3,0,95,3,Papua New Guinea
55,168,6,-9999,-9999,-9999,"[{'layer': '950mb', 'rh': 14}, {'layer': '900mb', 'rh': 12}, {'layer': '850mb', 'rh': 9}, {'layer': '800mb', 'rh': 8}, {'layer': '750mb', 'rh': 5}, {'layer': '700mb', 'rh': 2}, {'layer': '650mb', 'rh': 5}, {'layer': '600mb', 'rh': 9}, {'layer': '550mb', 'rh': 8}, {'layer': '500mb', 'rh': 9}, {'layer': '450mb', 'rh': 3}, {'layer': '400mb', 'rh': 16}, {'layer': '350mb', 'rh': 11}, {'layer': '300mb', 'rh': 11}, {'layer': '250mb', 'rh': 9}, {'layer': '200mb', 'rh': 15}]","[{'layer': '950mb', 'direction': 85, 'speed': 4}, {'layer': '900mb', 'direction': 80, 'speed': 4}, {'layer': '850mb', 'direction': 80, 'speed': 5}, {'layer': '800mb', 'direction': 85, 'speed': 5}, {'layer': '750mb', 'direction': 90, 'speed': 5}, {'layer': '700mb', 'direction': 90, 'speed': 4}, {'layer': '650mb', 'direction': 95, 'speed': 3}, {'layer': '600mb', 'direction': 170, 'speed': 2}, {'layer': '550mb', 'direction': 250, 'speed': 3}, {'layer': '500mb', 'direction': 270, 'speed': 5}, {'layer': '450mb', 'direction': 295, 'speed': 6}, {'layer': '400mb', 'direction': 275, 'speed': 5}, {'layer': '350mb', 'direction': 270, 'speed': 6}, {'layer': '300mb', 'direction': 285, 'speed': 6}, {'layer': '250mb', 'direction': 270, 'speed': 6}, {'layer': '200mb', 'direction': 255, 'speed': 7}]",25,-1,12,1008,rain,3,0,85,3,Papua New Guinea
56,171,8,-9999,-9999,-9999,"[{'layer': '950mb', 'rh': 14}, {'layer': '900mb', 'rh': 12}, {'layer': '850mb', 'rh': 11}, {'layer': '800mb', 'rh': 9}, {'layer': '750mb', 'rh': 5}, {'layer': '700mb', 'rh': 1}, {'layer': '650mb', 'rh': 4}, {'layer': '600mb', 'rh': 9}, {'layer': '550mb', 'rh': 9}, {'layer': '500mb', 'rh': 9}, {'layer': '450mb', 'rh': 3}, {'layer': '400mb', 'rh': 14}, {'layer': '350mb', 'rh': 6}, {'layer': '300mb', 'rh': 12}, {'layer': '250mb', 'rh': 12}, {'layer': '200mb', 'rh': 3}]","[{'layer': '950mb', 'direction': 85, 'speed': 4}, {'layer': '900mb', 'direction': 85, 'speed': 5}, {'layer': '850mb', 'direction': 85, 'speed': 5}, {'layer': '800mb', 'direction': 90, 'speed': 5}, {'layer': '750mb', 'direction': 90, 'speed': 5}, {'layer': '700mb', 'direction': 85, 'speed': 4}, {'layer': '650mb', 'direction': 85, 'speed': 3}, {'layer': '600mb', 'direction': 195, 'speed': 2}, {'layer': '550mb', 'direction': 250, 'speed': 3}, {'layer': '500mb', 'direction': 265, 'speed': 5}, {'layer': '450mb', 'direction': 295, 'speed': 6}, {'layer': '400mb', 'direction': 275, 'speed': 5}, {'layer': '350mb', 'direction': 275, 'speed': 6}, {'layer': '300mb', 'direction': 285, 'speed': 6}, {'layer': '250mb', 'direction': 275, 'speed': 6}, {'layer': '200mb', 'direction': 255, 'speed': 7}]",25,-1,11,1009,rain,3,0,85,3,Papua New Guinea
57,174,8,-9999,-9999,-9999,"[{'layer': '950mb', 'rh': 13}, {'layer': '900mb', 'rh': 14}, {'layer': '850mb', 'rh': 9}, {'layer': '800mb', 'rh': 4}, {'layer': '750mb', 'rh': 0}, {'layer': '700mb', 'rh': -1}, {'layer': '650mb', 'rh': 4}, {'layer': '600mb', 'rh': 8}, {'layer': '550mb', 'rh': 9}, {'layer': '500mb', 'rh': 9}, {'layer': '450mb', 'rh': 4}, {'layer': '400mb', 'rh': 13}, {'layer': '350mb', 'rh': 5}, {'layer': '300mb', 'rh': 10}, {'layer': '250mb', 'rh': 16}, {'layer': '200mb', 'rh': 1}]","[{'layer': '950mb', 'direction': 85, 'speed': 4}, {'layer': '900mb', 'direction': 85, 'speed': 5}, {'layer': '850mb', 'direction': 90, 'speed': 5}, {'layer': '800mb', 'direction': 95, 'speed': 5}, {'layer': '750mb', 'direction': 95, 'speed': 5}, {'layer': '700mb', 'direction': 90, 'speed': 4}, {'layer': '650mb', 'direction': 85, 'speed': 3}, {'layer': '600mb', 'direction': 215, 'speed': 2}, {'layer': '550mb', 'direction': 255, 'speed': 4}, {'layer': '500mb', 'direction': 270, 'speed': 5}, {'layer': '450mb', 'direction': 295, 'speed': 6}, {'layer': '400mb', 'direction': 280, 'speed': 5}, {'layer': '350mb', 'direction': 280, 'speed': 6}, {'layer': '300mb', 'direction': 285, 'speed': 6}, {'layer': '250mb', 'direction': 280, 'speed': 6}, {'layer': '200mb', 'direction': 255, 'speed': 7}]",26,-1,11,1010,rain,3,0,85,3,Papua New Guinea
58,177,8,-9999,-9999,-9999,"[{'layer': '950mb', 'rh': 14}, {'layer': '900mb', 'rh': 12}, {'layer': '850mb', 'rh': 11}, {'layer': '800mb', 'rh': 3}, {'layer': '750mb', 'rh': 0}, {'layer': '700mb', 'rh': -1}, {'layer': '650mb', 'rh': 3}, {'layer': '600mb', 'rh': 8}, {'layer': '550mb', 'rh': 7}, {'layer': '500mb', 'rh': 6}, {'layer': '450mb', 'rh': 3}, {'layer': '400mb', 'rh': 13}, {'layer': '350mb', 'rh': 6}, {'layer': '300mb', 'rh': 14}, {'layer': '250mb', 'rh': 9}, {'layer': '200mb', 'rh': -1}]","[{'layer': '950mb', 'direction': 80, 'speed': 4}, {'layer': '900mb', 'direction': 85, 'speed': 4}, {'layer': '850mb', 'direction': 90, 'speed': 5}, {'layer': '800mb', 'direction': 95, 'speed': 5}, {'layer': '750mb', 'direction': 95, 'speed': 5}, {'layer': '700mb', 'direction': 85, 'speed': 4}, {'layer': '650mb', 'direction': 85, 'speed': 3}, {'layer': '600mb', 'direction': 190, 'speed': 2}, {'layer': '550mb', 'direction': 250, 'speed': 3}, {'layer': '500mb', 'direction': 275, 'speed': 5}, {'layer': '450mb', 'direction': 300, 'speed': 6}, {'layer': '400mb', 'direction': 280, 'speed': 5}, {'layer': '350mb', 'direction': 285, 'speed': 6}, {'layer': '300mb', 'direction': 280, 'speed': 6}, {'layer': '250mb', 'direction': 275, 'speed': 7}, {'layer': '200mb', 'direction': 270, 'speed': 7}]",26,-1,11,1009,rain,3,0,80,3,Papua New Guinea
59,180,6,-9999,-9999,-9999,"[{'layer': '950mb', 'rh': 13}, {'layer': '900mb', 'rh': 13}, {'layer': '850mb', 'rh': 6}, {'layer': '800mb', 'rh': 1}, {'layer': '750mb', 'rh': -1}, {'layer': '700mb', 'rh': -1}, {'layer': '650mb', 'rh': 3}, {'layer': '600mb', 'rh': 8}, {'layer': '550mb', 'rh': 8}, {'layer': '500mb', 'rh': 7}, {'layer': '450mb', 'rh': 4}, {'layer': '400mb', 'rh': 14}, {'layer': '350mb', 'rh': 6}, {'layer': '300mb', 'rh': 13}, {'layer': '250mb', 'rh': 6}, {'layer': '200mb', 'rh': 0}]","[{'layer': '950mb', 'direction': 85, 'speed': 4}, {'layer': '900mb', 'direction': 90, 'speed': 4}, {'layer': '850mb', 'direction': 90, 'speed': 5}, {'layer': '800mb', 'direction': 90, 'speed': 5}, {'layer': '750mb', 'direction': 90, 'speed': 4}, {'layer': '700mb', 'direction': 85, 'speed': 3}, {'layer': '650mb', 'direction': 85, 'speed': 3}, {'layer': '600mb', 'direction': 210, 'speed': 2}, {'layer': '550mb', 'direction': 265, 'speed': 3}, {'layer': '500mb', 'direction': 275, 'speed': 5}, {'layer': '450mb', 'direction': 300, 'speed': 6}, {'layer': '400mb', 'direction': 275, 'speed': 5}, {'layer': '350mb', 'direction': 285, 'speed': 6}, {'layer': '300mb', 'direction': 280, 'speed': 6}, {'layer': '250mb', 'direction': 275, 'speed': 7}, {'layer': '200mb', 'direction': 275, 'speed': 7}]",26,-1,10,1007,rain,3,0,80,3,Papua New Guinea
60,183,4,-9999,-9999,-9999,"[{'layer': '950mb', 'rh': 13}, {'layer': '900mb', 'rh': 13}, {'layer': '850mb', 'rh': 6}, {'layer': '800mb', 'rh': 2}, {'layer': '750mb', 'rh': 0}, {'layer': '700mb', 'rh': -1}, {'layer': '650mb', 'rh': 3}, {'layer': '600mb', 'rh': 7}, {'layer': '550mb', 'rh': 8}, {'layer': '500mb', 'rh': 7}, {'layer': '450mb', 'rh': 4}, {'layer': '400mb', 'rh': 15}, {'layer': '350mb', 'rh': 11}, {'layer': '300mb', 'rh': 14}, {'layer': '250mb', 'rh': 5}, {'layer': '200mb', 'rh': 0}]","[{'layer': '950mb', 'direction': 85, 'speed': 3}, {'layer': '900mb', 'direction': 90, 'speed': 4}, {'layer': '850mb', 'direction': 90, 'speed': 4}, {'layer': '800mb', 'direction': 90, 'speed': 4}, {'layer': '750mb', 'direction': 90, 'speed': 4}, {'layer': '700mb', 'direction': 85, 'speed': 3}, {'layer': '650mb', 'direction': 70, 'speed': 3}, {'layer': '600mb', 'direction': 245, 'speed': 2}, {'layer': '550mb', 'direction': 270, 'speed': 3}, {'layer': '500mb', 'direction': 275, 'speed': 5}, {'layer': '450mb', 'direction': 295, 'speed': 5}, {'layer': '400mb', 'direction': 290, 'speed': 5}, {'layer': '350mb', 'direction': 290, 'speed': 6}, {'layer': '300mb', 'direction': 270, 'speed': 6}, {'layer': '250mb', 'direction': 275, 'speed': 7}, {'layer': '200mb', 'direction': 285, 'speed': 7}]",26,-1,11,1007,none,3,0,85,3,Papua New Guinea
61,186,6,-9999,-9999,-9999,"[{'layer': '950mb', 'rh': 13}, {'layer': '900mb', 'rh': 11}, {'layer': '850mb', 'rh': 6}, {'layer': '800mb', 'rh': 2}, {'layer': '750mb', 'rh': 1}, {'layer': '700mb', 'rh': -1}, {'layer': '650mb', 'rh': 3}, {'layer': '600mb', 'rh': 7}, {'layer': '550mb', 'rh': 9}, {'layer': '500mb', 'rh': 7}, {'layer': '450mb', 'rh': 6}, {'layer': '400mb', 'rh': 13}, {'layer': '350mb', 'rh': 16}, {'layer': '300mb', 'rh': 12}, {'layer': '250mb', 'rh': 0}, {'layer': '200mb', 'rh': 0}]","[{'layer': '950mb', 'direction': 80, 'speed': 4}, {'layer': '900mb', 'direction': 90, 'speed': 4}, {'layer': '850mb', 'direction': 90, 'speed': 4}, {'layer': '800mb', 'direction': 90, 'speed': 4}, {'layer': '750mb', 'direction': 85, 'speed': 4}, {'layer': '700mb', 'direction': 75, 'speed': 3}, {'layer': '650mb', 'direction': 65, 'speed': 2}, {'layer': '600mb', 'direction': 270, 'speed': 2}, {'layer': '550mb', 'direction': 265, 'speed': 3}, {'layer': '500mb', 'direction': 275, 'speed': 5}, {'layer': '450mb', 'direction': 290, 'speed': 5}, {'layer': '400mb', 'direction': 290, 'speed': 5}, {'layer': '350mb', 'direction': 290, 'speed': 6}, {'layer': '300mb', 'direction': 270, 'speed': 6}, {'layer': '250mb', 'direction': 280, 'speed': 7}, {'layer': '200mb', 'direction': 285, 'speed': 7}]",26,-1,11,1009,none,3,0,80,3,Papua New Guinea
62,189,9,-9999,-9999,-9999,"[{'layer': '950mb', 'rh': 14}, {'layer': '900mb', 'rh': 12}, {'layer': '850mb', 'rh': 10}, {'layer': '800mb', 'rh': 2}, {'layer': '750mb', 'rh': 1}, {'layer': '700mb', 'rh': -1}, {'layer': '650mb', 'rh': 2}, {'layer': '600mb', 'rh': 7}, {'layer': '550mb', 'rh': 10}, {'layer': '500mb', 'rh': 7}, {'layer': '450mb', 'rh': 7}, {'layer': '400mb', 'rh': 14}, {'layer': '350mb', 'rh': 16}, {'layer': '300mb', 'rh': 7}, {'layer': '250mb', 'rh': 0}, {'layer': '200mb', 'rh': -1}]","[{'layer': '950mb', 'direction': 80, 'speed': 4}, {'layer': '900mb', 'direction': 85, 'speed': 4}, {'layer': '850mb', 'direction': 85, 'speed': 4}, {'layer': '800mb', 'direction': 85, 'speed': 4}, {'layer': '750mb', 'direction': 85, 'speed': 4}, {'layer': '700mb', 'direction': 75, 'speed': 3}, {'layer': '650mb', 'direction': 55, 'speed': 3}, {'layer': '600mb', 'direction': 305, 'speed': 2}, {'layer': '550mb', 'direction': 275, 'speed': 3}, {'layer': '500mb', 'direction': 275, 'speed': 5}, {'layer': '450mb', 'direction': 290, 'speed': 5}, {'layer': '400mb', 'direction': 295, 'speed': 5}, {'layer': '350mb', 'direction': 290, 'speed': 6}, {'layer': '300mb', 'direction': 275, 'speed': 7}, {'layer': '250mb', 'direction': 275, 'speed': 6}, {'layer': '200mb', 'direction': 280, 'speed': 8}]",26,-1,11,1009,rain,3,0,75,3,Papua New Guinea
63,192,7,-9999,-9999,-9999,"[{'layer': '950mb', 'rh': 14}, {'layer': '900mb', 'rh': 12}, {'layer': '850mb', 'rh': 10}, {'layer': '800mb', 'rh': 3}, {'layer': '750mb', 'rh': 1}, {'layer': '700mb', 'rh': -1}, {'layer': '650mb', 'rh': 2}, {'layer': '600mb', 'rh': 7}, {'layer': '550mb', 'rh': 10}, {'layer': '500mb', 'rh': 5}, {'layer': '450mb', 'rh': 7}, {'layer': '400mb', 'rh': 13}, {'layer': '350mb', 'rh': 16}, {'layer': '300mb', 'rh': 4}, {'layer': '250mb', 'rh': -1}, {'layer': '200mb', 'rh': 0}]","[{'layer': '950mb', 'direction': 80, 'speed': 4}, {'layer': '900mb', 'direction': 90, 'speed': 4}, {'layer': '850mb', 'direction': 90, 'speed': 4}, {'layer': '800mb', 'direction': 85, 'speed': 4}, {'layer': '750mb', 'direction': 85, 'speed': 4}, {'layer': '700mb', 'direction': 70, 'speed': 3}, {'layer': '650mb', 'direction': 45, 'speed': 2}, {'layer': '600mb', 'direction': 290, 'speed': 2}, {'layer': '550mb', 'direction': 270, 'speed': 4}, {'layer': '500mb', 'direction': 285, 'speed': 5}, {'layer': '450mb', 'direction': 295, 'speed': 5}, {'layer': '400mb', 'direction': 295, 'speed': 6}, {'layer': '350mb', 'direction': 300, 'speed': 6}, {'layer': '300mb', 'direction': 270, 'speed': 6}, {'layer': '250mb', 'direction': 285, 'speed': 7}, {'layer': '200mb', 'direction': 280, 'speed': 7}]",25,-1,11,1007,rain,3,0,90,3,Papua New Guinea
