,wind_dir_950mb,wind_dir_900mb,wind_dir_850mb,wind_dir_800mb,wind_dir_750mb,wind_dir_700mb,wind_dir_650mb,wind_dir_600mb,wind_dir_550mb,wind_dir_500mb,wind_dir_450mb,wind_dir_400mb,wind_dir_350mb,wind_dir_300mb,wind_dir_250mb,wind_dir_200mb,Unnamed: 0,timepoint,cloudcover,highcloud,midcloud,lowcloud,rh_profile,wind_profile,temp2m,lifted_index,rh2m,msl_pressure,prec_type,prec_amount,snow_depth,wind10m.direction,wind10m.speed,country
0,90,85,80,80,70,60,5,290,285,265,275,285,315,160,180,305,0,3,1,-9999,-9999,-9999,"[{'layer': '950mb', 'rh': 13}, {'layer': '900mb', 'rh': 12}, {'layer': '850mb', 'rh': 12}, {'layer': '800mb', 'rh': 7}, {'layer': '750mb', 'rh': 1}, {'layer': '700mb', 'rh': -3}, {'layer': '650mb', 'rh': -3}, {'layer': '600mb', 'rh': -4}, {'layer': '550mb', 'rh': -4}, {'layer': '500mb', 'rh': -4}, {'layer': '450mb', 'rh': -3}, {'layer': '400mb', 'rh': -3}, {'layer': '350mb', 'rh': -2}, {'layer': '300mb', 'rh': -2}, {'layer': '250mb', 'rh': 1}, {'layer': '200mb', 'rh': -2}]","[{'layer': '950mb', 'direction': 90, 'speed': 3}, {'layer': '900mb', 'direction': 85, 'speed': 4}, {'layer': '850mb', 'direction': 80, 'speed': 4}, {'layer': '800mb', 'direction': 80, 'speed': 3}, {'layer': '750mb', 'direction': 70, 'speed': 3}, {'layer': '700mb', 'direction': 60, 'speed': 3}, {'layer': '650mb', 'direction': 5, 'speed': 2}, {'layer': '600mb', 'direction': 290, 'speed': 3}, {'layer': '550mb', 'direction': 285, 'speed': 3}, {'layer': '500mb', 'direction': 265, 'speed': 3}, {'layer': '450mb', 'direction': 275, 'speed': 3}, {'layer': '400mb', 'direction': 285, 'speed': 5}, {'layer': '350mb', 'direction': 315, 'speed': 3}, {'layer': '300mb', 'direction': 160, 'speed': 2}, {'layer': '250mb', 'direction': 180, 'speed': 3}, {'layer': '200mb', 'direction': 305, 'speed': 5}]",26,2,11,1008,none,0,0,95,3,Papua New Guinea
1,85,75,75,85,75,65,350,300,300,280,280,280,320,170,230,305,1,6,1,-9999,-9999,-9999,"[{'layer': '950mb', 'rh': 12}, {'layer': '900mb', 'rh': 10}, {'layer': '850mb', 'rh': 12}, {'layer': '800mb', 'rh': 6}, {'layer': '750mb', 'rh': 1}, {'layer': '700mb', 'rh': -3}, {'layer': '650mb', 'rh': -3}, {'layer': '600mb', 'rh': -4}, {'layer': '550mb', 'rh': -4}, {'layer': '500mb', 'rh': -4}, {'layer': '450mb', 'rh': -3}, {'layer': '400mb', 'rh': -3}, {'layer': '350mb', 'rh': -2}, {'layer': '300mb', 'rh': -1}, {'layer': '250mb', 'rh': 0}, {'layer': '200mb', 'rh': -1}]","[{'layer': '950mb', 'direction': 85, 'speed': 4}, {'layer': '900mb', 'direction': 75, 'speed': 4}, {'layer': '850mb', 'direction': 75, 'speed': 4}, {'layer': '800mb', 'direction': 85, 'speed': 4}, {'layer': '750mb', 'direction': 75, 'speed': 3}, {'layer': '700mb', 'direction': 65, 'speed': 2}, {'layer': '650mb', 'direction': 350, 'speed': 2}, {'layer': '600mb', 'direction': 300, 'speed': 3}, {'layer': '550mb', 'direction': 300, 'speed': 3}, {'layer': '500mb', 'direction': 280, 'speed': 3}, {'layer': '450mb', 'direction': 280, 'speed': 4}, {'layer': '400mb', 'direction': 280, 'speed': 5}, {'layer': '350mb', 'direction': 320, 'speed': 2}, {'layer': '300mb', 'direction': 170, 'speed': 2}, {'layer': '250mb', 'direction': 230, 'speed': 3}, {'layer': '200mb', 'direction': 305, 'speed': 6}]",26,-1,12,1011,none,1,0,100,3,Papua New Guinea
2,90,70,70,80,75,65,350,305,315,295,275,265,295,225,275,305,2,9,4,-9999,-9999,-9999,"[{'layer': '950mb', 'rh': 11}, {'layer': '900mb', 'rh': 11}, {'layer': '850mb', 'rh': 12}, {'layer': '800mb', 'rh': 9}, {'layer': '750mb', 'rh': 1}, {'layer': '700mb', 'rh': -3}, {'layer': '650mb', 'rh': -3}, {'layer': '600mb', 'rh': -4}, {'layer': '550mb', 'rh': -3}, {'layer': '500mb', 'rh': -4}, {'layer': '450mb', 'rh': -3}, {'layer': '400mb', 'rh': -3}, {'layer': '350mb', 'rh': -2}, {'layer': '300mb', 'rh': -1}, {'layer': '250mb', 'rh': -1}, {'layer': '200mb', 'rh': 0}]","[{'layer': '950mb', 'direction': 90, 'speed': 4}, {'layer': '900mb', 'direction': 70, 'speed': 4}, {'layer': '850mb', 'direction': 70, 'speed': 4}, {'layer': '800mb', 'direction': 80, 'speed': 4}, {'layer': '750mb', 'direction': 75, 'speed': 3}, {'layer': '700mb', 'direction': 65, 'speed': 2}, {'layer': '650mb', 'direction': 350, 'speed': 2}, {'layer': '600mb', 'direction': 305, 'speed': 3}, {'layer': '550mb', 'direction': 315, 'speed': 3}, {'layer': '500mb', 'direction': 295, 'speed': 3}, {'layer': '450mb', 'direction': 275, 'speed': 4}, {'layer': '400mb', 'direction': 265, 'speed': 5}, {'layer': '350mb', 'direction': 295, 'speed': 2}, {'layer': '300mb', 'direction': 225, 'speed': 2}, {'layer': '250mb', 'direction': 275, 'speed': 3}, {'layer': '200mb', 'direction': 305, 'speed': 6}]",26,-1,11,1010,none,1,0,105,3,Papua New Guinea
3,90,75,70,75,75,85,270,295,300,285,270,270,295,245,310,300,3,12,4,-9999,-9999,-9999,"[{'layer': '950mb', 'rh': 14}, {'layer': '900mb', 'rh': 11}, {'layer': '850mb', 'rh': 11}, {'layer': '800mb', 'rh': 7}, {'layer': '750mb', 'rh': 2}, {'layer': '700mb', 'rh': -2}, {'layer': '650mb', 'rh': -3}, {'layer': '600mb', 'rh': -4}, {'layer': '550mb', 'rh': -2}, {'layer': '500mb', 'rh': -4}, {'layer': '450mb', 'rh': -3}, {'layer': '400mb', 'rh': -3}, {'layer': '350mb', 'rh': -2}, {'layer': '300mb', 'rh': -2}, {'layer': '250mb', 'rh': -2}, {'layer': '200mb', 'rh': 1}]","[{'layer': '950mb', 'direction': 90, 'speed': 3}, {'layer': '900mb', 'direction': 75, 'speed': 4}, {'layer': '850mb', 'direction': 70, 'speed': 4}, {'layer': '800mb', 'direction': 75, 'speed': 4}, {'layer': '750mb', 'direction': 75, 'speed': 3}, {'layer': '700mb', 'direction': 85, 'speed': 3}, {'layer': '650mb', 'direction': 270, 'speed': 2}, {'layer': '600mb', 'direction': 295, 'speed': 3}, {'layer': '550mb', 'direction': 300, 'speed': 3}, {'layer': '500mb', 'direction': 285, 'speed': 3}, {'layer': '450mb', 'direction': 270, 'speed': 4}, {'layer': '400mb', 'direction': 270, 'speed': 4}, {'layer': '350mb', 'direction': 295, 'speed': 3}, {'layer': '300mb', 'direction': 245, 'speed': 2}, {'layer': '250mb', 'direction': 310, 'speed': 3}, {'layer': '200mb', 'direction': 300, 'speed': 6}]",26,-1,12,1009,none,1,0,95,3,Papua New Guinea
4,80,80,80,80,70,70,100,285,280,280,280,280,290,255,260,300,4,15,6,-9999,-9999,-9999,"[{'layer': '950mb', 'rh': 14}, {'layer': '900mb', 'rh': 9}, {'layer': '850mb', 'rh': 9}, {'layer': '800mb', 'rh': 6}, {'layer': '750mb', 'rh': 2}, {'layer': '700mb', 'rh': -2}, {'layer': '650mb', 'rh': -3}, {'layer': '600mb', 'rh': -4}, {'layer': '550mb', 'rh': -2}, {'layer': '500mb', 'rh': -4}, {'layer': '450mb', 'rh': -3}, {'layer': '400mb', 'rh': -3}, {'layer': '350mb', 'rh': -3}, {'layer': '300mb', 'rh': -2}, {'layer': '250mb', 'rh': -1}, {'layer': '200mb', 'rh': -1}]","[{'layer': '950mb', 'direction': 80, 'speed': 3}, {'layer': '900mb', 'direction': 80, 'speed': 4}, {'layer': '850mb', 'direction': 80, 'speed': 4}, {'layer': '800mb', 'direction': 80, 'speed': 4}, {'layer': '750mb', 'direction': 70, 'speed': 3}, {'layer': '700mb', 'direction': 70, 'speed': 3}, {'layer': '650mb', 'direction': 100, 'speed': 2}, {'layer': '600mb', 'direction': 285, 'speed': 2}, {'layer': '550mb', 'direction': 280, 'speed': 3}, {'layer': '500mb', 'direction': 280, 'speed': 3}, {'layer': '450mb', 'direction': 280, 'speed': 5}, {'layer': '400mb', 'direction': 280, 'speed': 4}, {'layer': '350mb', 'direction': 290, 'speed': 3}, {'layer': '300mb', 'direction': 255, 'speed': 3}, {'layer': '250mb', 'direction': 260, 'speed': 3}, {'layer': '200mb', 'direction': 300, 'speed': 6}]",26,-1,11,1010,none,1,0,95,3,Papua New Guinea
5,80,85,85,90,80,90,140,290,295,285,280,285,290,275,305,295,5,18,5,-9999,-9999,-9999,"[{'layer': '950mb', 'rh': 14}, {'layer': '900mb', 'rh': 11}, {'layer': '850mb', 'rh': 8}, {'layer': '800mb', 'rh': 6}, {'layer': '750mb', 'rh': 3}, {'layer': '700mb', 'rh': -2}, {'layer': '650mb', 'rh': -3}, {'layer': '600mb', 'rh': -3}, {'layer': '550mb', 'rh': -3}, {'layer': '500mb', 'rh': -4}, {'layer': '450mb', 'rh': -3}, {'layer': '400mb', 'rh': -3}, {'layer': '350mb', 'rh': -3}, {'layer': '300mb', 'rh': -2}, {'layer': '250mb', 'rh': -1}, {'layer': '200mb', 'rh': 1}]","[{'layer': '950mb', 'direction': 80, 'speed': 3}, {'layer': '900mb', 'direction': 85, 'speed': 4}, {'layer': '850mb', 'direction': 85, 'speed': 4}, {'layer': '800mb', 'direction': 90, 'speed': 4}, {'layer': '750mb', 'direction': 80, 'speed': 4}, {'layer': '700mb', 'direction': 90, 'speed': 3}, {'layer': '650mb', 'direction': 140, 'speed': 2}, {'layer': '600mb', 'direction': 290, 'speed': 2}, {'layer': '550mb', 'direction': 295, 'speed': 3}, {'layer': '500mb', 'direction': 285, 'speed': 3}, {'layer': '450mb', 'direction': 280, 'speed': 5}, {'layer': '400mb', 'direction': 285, 'speed': 4}, {'layer': '350mb', 'direction': 290, 'speed': 3}, {'layer': '300mb', 'direction': 275, 'speed': 3}, {'layer': '250mb', 'direction': 305, 'speed': 3}, {'layer': '200mb', 'direction': 295, 'speed': 6}]",26,-1,11,1012,none,1,0,90,3,Papua New Guinea
6,75,80,80,80,80,85,145,230,300,290,275,295,305,240,290,285,6,21,2,-9999,-9999,-9999,"[{'layer': '950mb', 'rh': 14}, {'layer': '900mb', 'rh': 8}, {'layer': '850mb', 'rh': 6}, {'layer': '800mb', 'rh': 5}, {'layer': '750mb', 'rh': 2}, {'layer': '700mb', 'rh': -2}, {'layer': '650mb', 'rh': -3}, {'layer': '600mb', 'rh': -4}, {'layer': '550mb', 'rh': -3}, {'layer': '500mb', 'rh': -3}, {'layer': '450mb', 'rh': -3}, {'layer': '400mb', 'rh': -3}, {'layer': '350mb', 'rh': -4}, {'layer': '300mb', 'rh': -2}, {'layer': '250mb', 'rh': -1}, {'layer': '200mb', 'rh': 4}]","[{'layer': '950mb', 'direction': 75, 'speed': 3}, {'layer': '900mb', 'direction': 80, 'speed': 4}, {'layer': '850mb', 'direction': 80, 'speed': 4}, {'layer': '800mb', 'direction': 80, 'speed': 4}, {'layer': '750mb', 'direction': 80, 'speed': 3}, {'layer': '700mb', 'direction': 85, 'speed': 3}, {'layer': '650mb', 'direction': 145, 'speed': 2}, {'layer': '600mb', 'direction': 230, 'speed': 2}, {'layer': '550mb', 'direction': 300, 'speed': 3}, {'layer': '500mb', 'direction': 290, 'speed': 3}, {'layer': '450mb', 'direction': 275, 'speed': 5}, {'layer': '400mb', 'direction': 295, 'speed': 3}, {'layer': '350mb', 'direction': 305, 'speed': 3}, {'layer': '300mb', 'direction': 240, 'speed': 3}, {'layer': '250mb', 'direction': 290, 'speed': 4}, {'layer': '200mb', 'direction': 285, 'speed': 6}]",26,-1,11,1010,rain,1,0,75,3,Papua New Guinea
7,75,80,80,75,75,85,150,215,240,265,285,290,290,250,290,270,7,24,2,-9999,-9999,-9999,"[{'layer': '950mb', 'rh': 14}, {'layer': '900mb', 'rh': 8}, {'layer': '850mb', 'rh': 6}, {'layer': '800mb', 'rh': 4}, {'layer': '750mb', 'rh': 2}, {'layer': '700mb', 'rh': -2}, {'layer': '650mb', 'rh': -3}, {'layer': '600mb', 'rh': -4}, {'layer': '550mb', 'rh': -3}, {'layer': '500mb', 'rh': -3}, {'layer': '450mb', 'rh': -3}, {'layer': '400mb', 'rh': -3}, {'layer': '350mb', 'rh': -3}, {'layer': '300mb', 'rh': -2}, {'layer': '250mb', 'rh': 0}, {'layer': '200mb', 'rh': 1}]","[{'layer': '950mb', 'direction': 75, 'speed': 3}, {'layer': '900mb', 'direction': 80, 'speed': 4}, {'layer': '850mb', 'direction': 80, 'speed': 4}, {'layer': '800mb', 'direction': 75, 'speed': 4}, {'layer': '750mb', 'direction': 75, 'speed': 3}, {'layer': '700mb', 'direction': 85, 'speed': 3}, {'layer': '650mb', 'direction': 150, 'speed': 2}, {'layer': '600mb', 'direction': 215, 'speed': 3}, {'layer': '550mb', 'direction': 240, 'speed': 3}, {'layer': '500mb', 'direction': 265, 'speed': 3}, {'layer': '450mb', 'direction': 285, 'speed': 5}, {'layer': '400mb', 'direction': 290, 'speed': 3}, {'layer': '350mb', 'direction': 290, 'speed': 4}, {'layer': '300mb', 'direction': 250, 'speed': 3}, {'layer': '250mb', 'direction': 290, 'speed': 5}, {'layer': '200mb', 'direction': 270, 'speed': 6}]",26,-1,11,1008,rain,1,0,70,3,Papua New Guinea
8,80,80,80,75,70,80,170,215,230,255,285,285,265,280,285,265,8,27,1,-9999,-9999,-9999,"[{'layer': '950mb', 'rh': 14}, {'layer': '900mb', 'rh': 10}, {'layer': '850mb', 'rh': 6}, {'layer': '800mb', 'rh': 3}, {'layer': '750mb', 'rh': 1}, {'layer': '700mb', 'rh': -2}, {'layer': '650mb', 'rh': -3}, {'layer': '600mb', 'rh': -3}, {'layer': '550mb', 'rh': -3}, {'layer': '500mb', 'rh': -3}, {'layer': '450mb', 'rh': -3}, {'layer': '400mb', 'rh': -4}, {'layer': '350mb', 'rh': -3}, {'layer': '300mb', 'rh': -3}, {'layer': '250mb', 'rh': 1}, {'layer': '200mb', 'rh': 0}]","[{'layer': '950mb', 'direction': 80, 'speed': 4}, {'layer': '900mb', 'direction': 80, 'speed': 4}, {'layer': '850mb', 'direction': 80, 'speed': 4}, {'layer': '800mb', 'direction': 75, 'speed': 4}, {'layer': '750mb', 'direction': 70, 'speed': 3}, {'layer': '700mb', 'direction': 80, 'speed': 3}, {'layer': '650mb', 'direction': 170, 'speed': 2}, {'layer': '600mb', 'direction': 215, 'speed': 3}, {'layer': '550mb', 'direction': 230, 'speed': 3}, {'layer': '500mb', 'direction': 255, 'speed': 3}, {'layer': '450mb', 'direction': 285, 'speed': 5}, {'layer': '400mb', 'direction': 285, 'speed': 4}, {'layer': '350mb', 'direction': 265, 'speed': 3}, {'layer': '300mb', 'direction': 280, 'speed': 3}, {'layer': '250mb', 'direction': 285, 'speed': 5}, {'layer': '200mb', 'direction': 265, 'speed': 6}]",26,-1,12,1008,none,1,0,75,3,Papua New Guinea
9,80,75,75,70,65,80,135,205,225,255,270,285,260,285,270,255,9,30,3,-9999,-9999,-9999,"[{'layer': '950mb', 'rh': 14}, {'layer': '900mb', 'rh': 10}, {'layer': '850mb', 'rh': 9}, {'layer': '800mb', 'rh': 7}, {'layer': '750mb', 'rh': 3}, {'layer': '700mb', 'rh': -1}, {'layer': '650mb', 'rh': -3}, {'layer': '600mb', 'rh': -3}, {'layer': '550mb', 'rh': -4}, {'layer': '500mb', 'rh': -3}, {'layer': '450mb', 'rh': -3}, {'layer': '400mb', 'rh': -3}, {'layer': '350mb', 'rh': -3}, {'layer': '300mb', 'rh': -2}, {'layer': '250mb', 'rh': 0}, {'layer': '200mb', 'rh': 1}]","[{'layer': '950mb', 'direction': 80, 'speed': 4}, {'layer': '900mb', 'direction': 75, 'speed': 4}, {'layer': '850mb', 'direction': 75, 'speed': 4}, {'layer': '800mb', 'direction': 70, 'speed': 4}, {'layer': '750mb', 'direction': 65, 'speed': 4}, {'layer': '700mb', 'direction': 80, 'speed': 3}, {'layer': '650mb', 'direction': 135, 'speed': 2}, {'layer': '600mb', 'direction': 205, 'speed': 3}, {'layer': '550mb', 'direction': 225, 'speed': 3}, {'layer': '500mb', 'direction': 255, 'speed': 4}, {'layer': '450mb', 'direction': 270, 'speed': 4}, {'layer': '400mb', 'direction': 285, 'speed': 5}, {'layer': '350mb', 'direction': 260, 'speed': 3}, {'layer': '300mb', 'direction': 285, 'speed': 3}, {'layer': '250mb', 'direction': 270, 'speed': 5}, {'layer': '200mb', 'direction': 255, 'speed': 6}]",26,-1,12,1011,none,1,0,80,3,Papua New Guinea
10,80,75,80,70,60,70,95,215,230,245,275,285,280,245,265,245,10,33,8,-9999,-9999,-9999,"[{'layer': '950mb', 'rh': 15}, {'layer': '900mb', 'rh': 12}, {'layer': '850mb', 'rh': 12}, {'layer': '800mb', 'rh': 10}, {'layer': '750mb', 'rh': 8}, {'layer': '700mb', 'rh': -1}, {'layer': '650mb', 'rh': -3}, {'layer': '600mb', 'rh': -4}, {'layer': '550mb', 'rh': -3}, {'layer': '500mb', 'rh': -3}, {'layer': '450mb', 'rh': -3}, {'layer': '400mb', 'rh': -3}, {'layer': '350mb', 'rh': -3}, {'layer': '300mb', 'rh': -3}, {'layer': '250mb', 'rh': 0}, {'layer': '200mb', 'rh': 2}]","[{'layer': '950mb', 'direction': 80, 'speed': 4}, {'layer': '900mb', 'direction': 75, 'speed': 5}, {'layer': '850mb', 'direction': 80, 'speed': 4}, {'layer': '800mb', 'direction': 70, 'speed': 4}, {'layer': '750mb', 'direction': 60, 'speed': 4}, {'layer': '700mb', 'direction': 70, 'speed': 3}, {'layer': '650mb', 'direction': 95, 'speed': 2}, {'layer': '600mb', 'direction': 215, 'speed': 3}, {'layer': '550mb', 'direction': 230, 'speed': 3}, {'layer': '500mb', 'direction': 245, 'speed': 3}, {'layer': '450mb', 'direction': 275, 'speed': 5}, {'layer': '400mb', 'direction': 285, 'speed': 5}, {'layer': '350mb', 'direction': 280, 'speed': 4}, {'layer': '300mb', 'direction': 245, 'speed': 3}, {'layer': '250mb', 'direction': 265, 'speed': 5}, {'layer': '200mb', 'direction': 245, 'speed': 6}]",26,-1,12,1010,none,1,0,85,3,Papua New Guinea
11,80,80,80,75,65,65,65,205,225,250,265,285,275,230,235,230,11,36,9,-9999,-9999,-9999,"[{'layer': '950mb', 'rh': 15}, {'layer': '900mb', 'rh': 13}, {'layer': '850mb', 'rh': 11}, {'layer': '800mb', 'rh': 11}, {'layer': '750mb', 'rh': 8}, {'layer': '700mb', 'rh': 0}, {'layer': '650mb', 'rh': -3}, {'layer': '600mb', 'rh': -4}, {'layer': '550mb', 'rh': -3}, {'layer': '500mb', 'rh': -3}, {'layer': '450mb', 'rh': -3}, {'layer': '400mb', 'rh': -3}, {'layer': '350mb', 'rh': -2}, {'layer': '300mb', 'rh': -3}, {'layer': '250mb', 'rh': -1}, {'layer': '200mb', 'rh': 5}]","[{'layer': '950mb', 'direction': 80, 'speed': 4}, {'layer': '900mb', 'direction': 80, 'speed': 4}, {'layer': '850mb', 'direction': 80, 'speed': 4}, {'layer': '800mb', 'direction': 75, 'speed': 4}, {'layer': '750mb', 'direction': 65, 'speed': 3}, {'layer': '700mb', 'direction': 65, 'speed': 3}, {'layer': '650mb', 'direction': 65, 'speed': 2}, {'layer': '600mb', 'direction': 205, 'speed': 2}, {'layer': '550mb', 'direction': 225, 'speed': 3}, {'layer': '500mb', 'direction': 250, 'speed': 4}, {'layer': '450mb', 'direction': 265, 'speed': 5}, {'layer': '400mb', 'direction': 285, 'speed': 5}, {'layer': '350mb', 'direction': 275, 'speed': 5}, {'layer': '300mb', 'direction': 230, 'speed': 3}, {'layer': '250mb', 'direction': 235, 'speed': 5}, {'layer': '200mb', 'direction': 230, 'speed': 5}]",26,-1,12,1009,none,1,0,85,3,Papua New Guinea
12,65,80,80,75,75,80,110,205,220,245,275,290,275,255,185,235,12,39,4,-9999,-9999,-9999,"[{'layer': '950mb', 'rh': 14}, {'layer': '900mb', 'rh': 12}, {'layer': '850mb', 'rh': 10}, {'layer': '800mb', 'rh': 7}, {'layer': '750mb', 'rh': 3}, {'layer': '700mb', 'rh': -1}, {'layer': '650mb', 'rh': -3}, {'layer': '600mb', 'rh': -4}, {'layer': '550mb', 'rh': -4}, {'layer': '500mb', 'rh': -3}, {'layer': '450mb', 'rh': -3}, {'layer': '400mb', 'rh': -3}, {'layer': '350mb', 'rh': -1}, {'layer': '300mb', 'rh': -3}, {'layer': '250mb', 'rh': -2}, {'layer': '200mb', 'rh': 3}]","[{'layer': '950mb', 'direction': 65, 'speed': 4}, {'layer': '900mb', 'direction': 80, 'speed': 4}, {'layer': '850mb', 'direction': 80, 'speed': 4}, {'layer': '800mb', 'direction': 75, 'speed': 3}, {'layer': '750mb', 'direction': 75, 'speed': 3}, {'layer': '700mb', 'direction': 80, 'speed': 3}, {'layer': '650mb', 'direction': 110, 'speed': 2}, {'layer': '600mb', 'direction': 205, 'speed': 3}, {'layer': '550mb', 'direction': 220, 'speed': 3}, {'layer': '500mb', 'direction': 245, 'speed': 4}, {'layer': '450mb', 'direction': 275, 'speed': 5}, {'layer': '400mb', 'direction': 290, 'speed': 5}, {'layer': '350mb', 'direction': 275, 'speed': 5}, {'layer': '300mb', 'direction': 255, 'speed': 5}, {'layer': '250mb', 'direction': 185, 'speed': 4}, {'layer': '200mb', 'direction': 235, 'speed': 5}]",26,-1,11,1010,rain,1,0,65,3,Papua New Guinea
13,75,80,80,75,75,80,140,200,210,235,270,280,275,255,175,225,13,42,4,-9999,-9999,-9999,"[{'layer': '950mb', 'rh': 13}, {'layer': '900mb', 'rh': 5}, {'layer': '850mb', 'rh': 3}, {'layer': '800mb', 'rh': 0}, {'layer': '750mb', 'rh': -1}, {'layer': '700mb', 'rh': -2}, {'layer': '650mb', 'rh': -3}, {'layer': '600mb', 'rh': -4}, {'layer': '550mb', 'rh': -4}, {'layer': '500mb', 'rh': -3}, {'layer': '450mb', 'rh': -3}, {'layer': '400mb', 'rh': -2}, {'layer': '350mb', 'rh': 0}, {'layer': '300mb', 'rh': -3}, {'layer': '250mb', 'rh': -3}, {'layer': '200mb', 'rh': 0}]","[{'layer': '950mb', 'direction': 75, 'speed': 4}, {'layer': '900mb', 'direction': 80, 'speed': 4}, {'layer': '850mb', 'direction': 80, 'speed': 4}, {'layer': '800mb', 'direction': 75, 'speed': 3}, {'layer': '750mb', 'direction': 75, 'speed': 3}, {'layer': '700mb', 'direction': 80, 'speed': 3}, {'layer': '650mb', 'direction': 140, 'speed': 2}, {'layer': '600mb', 'direction': 200, 'speed': 3}, {'layer': '550mb', 'direction': 210, 'speed': 3}, {'layer': '500mb', 'direction': 235, 'speed': 3}, {'layer': '450mb', 'direction': 270, 'speed': 5}, {'layer': '400mb', 'direction': 280, 'speed': 5}, {'layer': '350mb', 'direction': 275, 'speed': 5}, {'layer': '300mb', 'direction': 255, 'speed': 4}, {'layer': '250mb', 'direction': 175, 'speed': 4}, {'layer': '200mb', 'direction': 225, 'speed': 6}]",26,-1,11,1012,rain,1,0,65,4,Papua New Guinea
14,70,75,80,80,70,70,130,220,225,235,250,265,265,230,190,210,14,45,2,-9999,-9999,-9999,"[{'layer': '950mb', 'rh': 13}, {'layer': '900mb', 'rh': 5}, {'layer': '850mb', 'rh': 1}, {'layer': '800mb', 'rh': -1}, {'layer': '750mb', 'rh': -2}, {'layer': '700mb', 'rh': -3}, {'layer': '650mb', 'rh': -3}, {'layer': '600mb', 'rh': -4}, {'layer': '550mb', 'rh': -4}, {'layer': '500mb', 'rh': -3}, {'layer': '450mb', 'rh': -3}, {'layer': '400mb', 'rh': -2}, {'layer': '350mb', 'rh': 2}, {'layer': '300mb', 'rh': -3}, {'layer': '250mb', 'rh': -2}, {'layer': '200mb', 'rh': 2}]","[{'layer': '950mb', 'direction': 70, 'speed': 4}, {'layer': '900mb', 'direction': 75, 'speed': 4}, {'layer': '850mb', 'direction': 80, 'speed': 4}, {'layer': '800mb', 'direction': 80, 'speed': 4}, {'layer': '750mb', 'direction': 70, 'speed': 3}, {'layer': '700mb', 'direction': 70, 'speed': 3}, {'layer': '650mb', 'direction': 130, 'speed': 2}, {'layer': '600mb', 'direction': 220, 'speed': 3}, {'layer': '550mb', 'direction': 225, 'speed': 3}, {'layer': '500mb', 'direction': 235, 'speed': 4}, {'layer': '450mb', 'direction': 250, 'speed': 5}, {'layer': '400mb', 'direction': 265, 'speed': 5}, {'layer': '350mb', 'direction': 265, 'speed': 6}, {'layer': '300mb', 'direction': 230, 'speed': 5}, {'layer': '250mb', 'direction': 190, 'speed': 4}, {'layer': '200mb', 'direction': 210, 'speed': 5}]",26,2,10,1010,none,1,0,70,3,Papua New Guinea
15,70,70,75,75,75,80,195,220,225,240,245,265,265,225,190,185,15,48,2,-9999,-9999,-9999,"[{'layer': '950mb', 'rh': 13}, {'layer': '900mb', 'rh': 14}, {'layer': '850mb', 'rh': 1}, {'layer': '800mb', 'rh': -1}, {'layer': '750mb', 'rh': -2}, {'layer': '700mb', 'rh': -3}, {'layer': '650mb', 'rh': -3}, {'layer': '600mb', 'rh': -4}, {'layer': '550mb', 'rh': -4}, {'layer': '500mb', 'rh': -3}, {'layer': '450mb', 'rh': -3}, {'layer': '400mb', 'rh': -3}, {'layer': '350mb', 'rh': 0}, {'layer': '300mb', 'rh': -3}, {'layer': '250mb', 'rh': -2}, {'layer': '200mb', 'rh': 1}]","[{'layer': '950mb', 'direction': 70, 'speed': 4}, {'layer': '900mb', 'direction': 70, 'speed': 4}, {'layer': '850mb', 'direction': 75, 'speed': 4}, {'layer': '800mb', 'direction': 75, 'speed': 4}, {'layer': '750mb', 'direction': 75, 'speed': 3}, {'layer': '700mb', 'direction': 80, 'speed': 2}, {'layer': '650mb', 'direction': 195, 'speed': 2}, {'layer': '600mb', 'direction': 220, 'speed': 3}, {'layer': '550mb', 'direction': 225, 'speed': 4}, {'layer': '500mb', 'direction': 240, 'speed': 4}, {'layer': '450mb', 'direction': 245, 'speed': 5}, {'layer': '400mb', 'direction': 265, 'speed': 5}, {'layer': '350mb', 'direction': 265, 'speed': 5}, {'layer': '300mb', 'direction': 225, 'speed': 5}, {'layer': '250mb', 'direction': 190, 'speed': 5}, {'layer': '200mb', 'direction': 185, 'speed': 5}]",26,2,11,1008,none,1,0,70,3,Papua New Guinea
16,85,80,75,70,70,65,215,220,225,245,235,255,255,235,175,175,16,51,4,-9999,-9999,-9999,"[{'layer': '950mb', 'rh': 13}, {'layer': '900mb', 'rh': 6}, {'layer': '850mb', 'rh': 1}, {'layer': '800mb', 'rh': -1}, {'layer': '750mb', 'rh': -2}, {'layer': '700mb', 'rh': -3}, {'layer': '650mb', 'rh': -3}, {'layer': '600mb', 'rh': -4}, {'layer': '550mb', 'rh': -3}, {'layer': '500mb', 'rh': -4}, {'layer': '450mb', 'rh': -3}, {'layer': '400mb', 'rh': -3}, {'layer': '350mb', 'rh': 2}, {'layer': '300mb', 'rh': -2}, {'layer': '250mb', 'rh': -1}, {'layer': '200mb', 'rh': -1}]","[{'layer': '950mb', 'direction': 85, 'speed': 4}, {'layer': '900mb', 'direction': 80, 'speed': 4}, {'layer': '850mb', 'direction': 75, 'speed': 4}, {'layer': '800mb', 'direction': 70, 'speed': 4}, {'layer': '750mb', 'direction': 70, 'speed': 3}, {'layer': '700mb', 'direction': 65, 'speed': 2}, {'layer': '650mb', 'direction': 215, 'speed': 2}, {'layer': '600mb', 'direction': 220, 'speed': 3}, {'layer': '550mb', 'direction': 225, 'speed': 3}, {'layer': '500mb', 'direction': 245, 'speed': 4}, {'layer': '450mb', 'direction': 235, 'speed': 5}, {'layer': '400mb', 'direction': 255, 'speed': 5}, {'layer': '350mb', 'direction': 255, 'speed': 6}, {'layer': '300mb', 'direction': 235, 'speed': 5}, {'layer': '250mb', 'direction': 175, 'speed': 6}, {'layer': '200mb', 'direction': 175, 'speed': 6}]",26,-1,11,1009,none,2,0,80,3,Papua New Guinea
17,85,80,80,80,75,70,220,230,235,250,240,250,255,225,175,180,17,54,3,-9999,-9999,-9999,"[{'layer': '950mb', 'rh': 13}, {'layer': '900mb', 'rh': 9}, {'layer': '850mb', 'rh': 1}, {'layer': '800mb', 'rh': -1}, {'layer': '750mb', 'rh': -2}, {'layer': '700mb', 'rh': -2}, {'layer': '650mb', 'rh': -3}, {'layer': '600mb', 'rh': -3}, {'layer': '550mb', 'rh': -3}, {'layer': '500mb', 'rh': -3}, {'layer': '450mb', 'rh': -3}, {'layer': '400mb', 'rh': -2}, {'layer': '350mb', 'rh': 7}, {'layer': '300mb', 'rh': -3}, {'layer': '250mb', 'rh': 0}, {'layer': '200mb', 'rh': -2}]","[{'layer': '950mb', 'direction': 85, 'speed': 4}, {'layer': '900mb', 'direction': 80, 'speed': 4}, {'layer': '850mb', 'direction': 80, 'speed': 4}, {'layer': '800mb', 'direction': 80, 'speed': 4}, {'layer': '750mb', 'direction': 75, 'speed': 3}, {'layer': '700mb', 'direction': 70, 'speed': 3}, {'layer': '650mb', 'direction': 220, 'speed': 2}, {'layer': '600mb', 'direction': 230, 'speed': 3}, {'layer': '550mb', 'direction': 235, 'speed': 3}, {'layer': '500mb', 'direction': 250, 'speed': 5}, {'layer': '450mb', 'direction': 240, 'speed': 5}, {'layer': '400mb', 'direction': 250, 'speed': 5}, {'layer': '350mb', 'direction': 255, 'speed': 6}, {'layer': '300mb', 'direction': 225, 'speed': 5}, {'layer': '250mb', 'direction': 175, 'speed': 6}, {'layer': '200mb', 'direction': 180, 'speed': 6}]",26,2,11,1011,none,2,0,80,3,Papua New Guinea
18,80,80,80,80,75,60,280,235,230,240,240,245,250,235,175,175,18,57,2,-9999,-9999,-9999,"[{'layer': '950mb', 'rh': 13}, {'layer': '900mb', 'rh': 15}, {'layer': '850mb', 'rh': 2}, {'layer': '800mb', 'rh': 0}, {'layer': '750mb', 'rh': -2}, {'layer': '700mb', 'rh': -3}, {'layer': '650mb', 'rh': -3}, {'layer': '600mb', 'rh': -3}, {'layer': '550mb', 'rh': -3}, {'layer': '500mb', 'rh': -3}, {'layer': '450mb', 'rh': -3}, {'layer': '400mb', 'rh': -2}, {'layer': '350mb', 'rh': 6}, {'layer': '300mb', 'rh': -1}, {'layer': '250mb', 'rh': 4}, {'layer': '200mb', 'rh': -1}]","[{'layer': '950mb', 'direction': 80, 'speed': 4}, {'layer': '900mb', 'direction': 80, 'speed': 4}, {'layer': '850mb', 'direction': 80, 'speed': 5}, {'layer': '800mb', 'direction': 80, 'speed': 4}, {'layer': '750mb', 'direction': 75, 'speed': 3}, {'layer': '700mb', 'direction': 60, 'speed': 2}, {'layer': '650mb', 'direction': 280, 'speed': 2}, {'layer': '600mb', 'direction': 235, 'speed': 3}, {'layer': '550mb', 'direction': 230, 'speed': 3}, {'layer': '500mb', 'direction': 240, 'speed': 5}, {'layer': '450mb', 'direction': 240, 'speed': 5}, {'layer': '400mb', 'direction': 245, 'speed': 6}, {'layer': '350mb', 'direction': 250, 'speed': 6}, {'layer': '300mb', 'direction': 235, 'speed': 6}, {'layer': '250mb', 'direction': 175, 'speed': 6}, {'layer': '200mb', 'direction': 175, 'speed': 6}]",26,2,10,1011,none,2,0,75,3,Papua New Guinea
19,70,70,75,80,80,80,240,240,235,240,245,250,250,235,180,185,19,60,4,-9999,-9999,-9999,"[{'layer': '950mb', 'rh': 13}, {'layer': '900mb', 'rh': 15}, {'layer': '850mb', 'rh': 5}, {'layer': '800mb', 'rh': 1}, {'layer': '750mb', 'rh': -2}, {'layer': '700mb', 'rh': -3}, {'layer': '650mb', 'rh': -3}, {'layer': '600mb', 'rh': -3}, {'layer': '550mb', 'rh': -3}, {'layer': '500mb', 'rh': -2}, {'layer': '450mb', 'rh': -3}, {'layer': '400mb', 'rh': -1}, {'layer': '350mb', 'rh': 1}, {'layer': '300mb', 'rh': -2}, {'layer': '250mb', 'rh': 8}, {'layer': '200mb', 'rh': 3}]","[{'layer': '950mb', 'direction': 70, 'speed': 4}, {'layer': '900mb', 'direction': 70, 'speed': 4}, {'layer': '850mb', 'direction': 75, 'speed': 4}, {'layer': '800mb', 'direction': 80, 'speed': 4}, {'layer': '750mb', 'direction': 80, 'speed': 3}, {'layer': '700mb', 'direction': 80, 'speed': 2}, {'layer': '650mb', 'direction': 240, 'speed': 2}, {'layer': '600mb', 'direction': 240, 'speed': 3}, {'layer': '550mb', 'direction': 235, 'speed': 3}, {'layer': '500mb', 'direction': 240, 'speed': 5}, {'layer': '450mb', 'direction': 245, 'speed': 5}, {'layer': '400mb', 'direction': 250, 'speed': 6}, {'layer': '350mb', 'direction': 250, 'speed': 6}, {'layer': '300mb', 'direction': 235, 'speed': 6}, {'layer': '250mb', 'direction': 180, 'speed': 6}, {'layer': '200mb', 'direction': 185, 'speed': 6}]",26,-1,11,1009,none,2,0,70,3,Papua New Guinea
20,70,65,70,75,85,90,225,225,225,230,245,245,250,225,185,195,20,63,5,-9999,-9999,-9999,"[{'layer': '950mb', 'rh': 13}, {'layer': '900mb', 'rh': 14}, {'layer': '850mb', 'rh': 14}, {'layer': '800mb', 'rh': 3}, {'layer': '750mb', 'rh': -2}, {'layer': '700mb', 'rh': -3}, {'layer': '650mb', 'rh': -3}, {'layer': '600mb', 'rh': -3}, {'layer': '550mb', 'rh': -2}, {'layer': '500mb', 'rh': -2}, {'layer': '450mb', 'rh': -3}, {'layer': '400mb', 'rh': -2}, {'layer': '350mb', 'rh': -1}, {'layer': '300mb', 'rh': -3}, {'layer': '250mb', 'rh': 11}, {'layer': '200mb', 'rh': 2}]","[{'layer': '950mb', 'direction': 70, 'speed': 4}, {'layer': '900mb', 'direction': 65, 'speed': 4}, {'layer': '850mb', 'direction': 70, 'speed': 4}, {'layer': '800mb', 'direction': 75, 'speed': 4}, {'layer': '750mb', 'direction': 85, 'speed': 3}, {'layer': '700mb', 'direction': 90, 'speed': 2}, {'layer': '650mb', 'direction': 225, 'speed': 2}, {'layer': '600mb', 'direction': 225, 'speed': 3}, {'layer': '550mb', 'direction': 225, 'speed': 3}, {'layer': '500mb', 'direction': 230, 'speed': 4}, {'layer': '450mb', 'direction': 245, 'speed': 5}, {'layer': '400mb', 'direction': 245, 'speed': 6}, {'layer': '350mb', 'direction': 250, 'speed': 6}, {'layer': '300mb', 'direction': 225, 'speed': 5}, {'layer': '250mb', 'direction': 185, 'speed': 5}, {'layer': '200mb', 'direction': 195, 'speed': 6}]",25,-1,11,1011,rain,2,0,75,3,Papua New Guinea
21,70,70,75,70,70,90,220,220,230,225,240,250,230,205,180,200,21,66,7,-9999,-9999,-9999,"[{'layer': '950mb', 'rh': 9}, {'layer': '900mb', 'rh': 12}, {'layer': '850mb', 'rh': 14}, {'layer': '800mb', 'rh': 2}, {'layer': '750mb', 'rh': -2}, {'layer': '700mb', 'rh': -3}, {'layer': '650mb', 'rh': -3}, {'layer': '600mb', 'rh': -2}, {'layer': '550mb', 'rh': -2}, {'layer': '500mb', 'rh': -2}, {'layer': '450mb', 'rh': -3}, {'layer': '400mb', 'rh': 1}, {'layer': '350mb', 'rh': -3}, {'layer': '300mb', 'rh': -2}, {'layer': '250mb', 'rh': 11}, {'layer': '200mb', 'rh': 6}]","[{'layer': '950mb', 'direction': 70, 'speed': 4}, {'layer': '900mb', 'direction': 70, 'speed': 4}, {'layer': '850mb', 'direction': 75, 'speed': 4}, {'layer': '800mb', 'direction': 70, 'speed': 4}, {'layer': '750mb', 'direction': 70, 'speed': 3}, {'layer': '700mb', 'direction': 90, 'speed': 2}, {'layer': '650mb', 'direction': 220, 'speed': 2}, {'layer': '600mb', 'direction': 220, 'speed': 3}, {'layer': '550mb', 'direction': 230, 'speed': 3}, {'layer': '500mb', 'direction': 225, 'speed': 4}, {'layer': '450mb', 'direction': 240, 'speed': 5}, {'layer': '400mb', 'direction': 250, 'speed': 6}, {'layer': '350mb', 'direction': 230, 'speed': 5}, {'layer': '300mb', 'direction': 205, 'speed': 5}, {'layer': '250mb', 'direction': 180, 'speed': 6}, {'layer': '200mb', 'direction': 200, 'speed': 6}]",26,-1,11,1012,rain,2,0,70,3,Papua New Guinea
22,80,65,65,75,70,65,280,250,235,225,240,245,215,210,195,200,22,69,4,-9999,-9999,-9999,"[{'layer': '950mb', 'rh': 9}, {'layer': '900mb', 'rh': 11}, {'layer': '850mb', 'rh': 12}, {'layer': '800mb', 'rh': 2}, {'layer': '750mb', 'rh': -1}, {'layer': '700mb', 'rh': -2}, {'layer': '650mb', 'rh': -3}, {'layer': '600mb', 'rh': -1}, {'layer': '550mb', 'rh': -1}, {'layer': '500mb', 'rh': -2}, {'layer': '450mb', 'rh': -3}, {'layer': '400mb', 'rh': -3}, {'layer': '350mb', 'rh': -3}, {'layer': '300mb', 'rh': 4}, {'layer': '250mb', 'rh': 9}, {'layer': '200mb', 'rh': 1}]","[{'layer': '950mb', 'direction': 80, 'speed': 4}, {'layer': '900mb', 'direction': 65, 'speed': 4}, {'layer': '850mb', 'direction': 65, 'speed': 4}, {'layer': '800mb', 'direction': 75, 'speed': 4}, {'layer': '750mb', 'direction': 70, 'speed': 3}, {'layer': '700mb', 'direction': 65, 'speed': 2}, {'layer': '650mb', 'direction': 280, 'speed': 2}, {'layer': '600mb', 'direction': 250, 'speed': 3}, {'layer': '550mb', 'direction': 235, 'speed': 3}, {'layer': '500mb', 'direction': 225, 'speed': 5}, {'layer': '450mb', 'direction': 240, 'speed': 5}, {'layer': '400mb', 'direction': 245, 'speed': 6}, {'layer': '350mb', 'direction': 215, 'speed': 5}, {'layer': '300mb', 'direction': 210, 'speed': 5}, {'layer': '250mb', 'direction': 195, 'speed': 5}, {'layer': '200mb', 'direction': 200, 'speed': 6}]",26,-1,11,1011,rain,2,0,80,3,Papua New Guinea
23,85,65,60,70,70,70,270,255,245,225,245,240,205,200,205,195,23,72,3,-9999,-9999,-9999,"[{'layer': '950mb', 'rh': 13}, {'layer': '900mb', 'rh': 11}, {'layer': '850mb', 'rh': 10}, {'layer': '800mb', 'rh': 2}, {'layer': '750mb', 'rh': -1}, {'layer': '700mb', 'rh': -3}, {'layer': '650mb', 'rh': -3}, {'layer': '600mb', 'rh': -2}, {'layer': '550mb', 'rh': -1}, {'layer': '500mb', 'rh': -1}, {'layer': '450mb', 'rh': -3}, {'layer': '400mb', 'rh': -3}, {'layer': '350mb', 'rh': -2}, {'layer': '300mb', 'rh': 6}, {'layer': '250mb', 'rh': 4}, {'layer': '200mb', 'rh': 3}]","[{'layer': '950mb', 'direction': 85, 'speed': 4}, {'layer': '900mb', 'direction': 65, 'speed': 4}, {'layer': '850mb', 'direction': 60, 'speed': 4}, {'layer': '800mb', 'direction': 70, 'speed': 4}, {'layer': '750mb', 'direction': 70, 'speed': 3}, {'layer': '700mb', 'direction': 70, 'speed': 2}, {'layer': '650mb', 'direction': 270, 'speed': 2}, {'layer': '600mb', 'direction': 255, 'speed': 3}, {'layer': '550mb', 'direction': 245, 'speed': 3}, {'layer': '500mb', 'direction': 225, 'speed': 4}, {'layer': '450mb', 'direction': 245, 'speed': 5}, {'layer': '400mb', 'direction': 240, 'speed': 5}, {'layer': '350mb', 'direction': 205, 'speed': 5}, {'layer': '300mb', 'direction': 200, 'speed': 5}, {'layer': '250mb', 'direction': 205, 'speed': 5}, {'layer': '200mb', 'direction': 195, 'speed': 6}]",26,-1,10,1008,none,2,0,80,3,Papua New Guinea
24,85,70,75,80,75,60,290,275,255,230,245,225,200,200,205,200,24,75,8,-9999,-9999,-9999,"[{'layer': '950mb', 'rh': 12}, {'layer': '900mb', 'rh': 11}, {'layer': '850mb', 'rh': 7}, {'layer': '800mb', 'rh': 1}, {'layer': '750mb', 'rh': -1}, {'layer': '700mb', 'rh': -2}, {'layer': '650mb', 'rh': -3}, {'layer': '600mb', 'rh': -2}, {'layer': '550mb', 'rh': -1}, {'layer': '500mb', 'rh': 0}, {'layer': '450mb', 'rh': -3}, {'layer': '400mb', 'rh': -3}, {'layer': '350mb', 'rh': 7}, {'layer': '300mb', 'rh': 4}, {'layer': '250mb', 'rh': 14}, {'layer': '200mb', 'rh': 6}]","[{'layer': '950mb', 'direction': 85, 'speed': 4}, {'layer': '900mb', 'direction': 70, 'speed': 4}, {'layer': '850mb', 'direction': 75, 'speed': 4}, {'layer': '800mb', 'direction': 80, 'speed': 4}, {'layer': '750mb', 'direction': 75, 'speed': 3}, {'layer': '700mb', 'direction': 60, 'speed': 2}, {'layer': '650mb', 'direction': 290, 'speed': 2}, {'layer': '600mb', 'direction': 275, 'speed': 3}, {'layer': '550mb', 'direction': 255, 'speed': 3}, {'layer': '500mb', 'direction': 230, 'speed': 3}, {'layer': '450mb', 'direction': 245, 'speed': 5}, {'layer': '400mb', 'direction': 225, 'speed': 4}, {'layer': '350mb', 'direction': 200, 'speed': 5}, {'layer': '300mb', 'direction': 200, 'speed': 5}, {'layer': '250mb', 'direction': 205, 'speed': 5}, {'layer': '200mb', 'direction': 200, 'speed': 6}]",26,-1,11,1009,none,2,0,90,3,Papua New Guinea
25,85,70,75,80,75,65,275,270,260,235,230,225,215,205,200,200,25,78,8,-9999,-9999,-9999,"[{'layer': '950mb', 'rh': 12}, {'layer': '900mb', 'rh': 11}, {'layer': '850mb', 'rh': 5}, {'layer': '800mb', 'rh': 1}, {'layer': '750mb', 'rh': -1}, {'layer': '700mb', 'rh': -3}, {'layer': '650mb', 'rh': -3}, {'layer': '600mb', 'rh': -3}, {'layer': '550mb', 'rh': -1}, {'layer': '500mb', 'rh': 1}, {'layer': '450mb', 'rh': -1}, {'layer': '400mb', 'rh': -3}, {'layer': '350mb', 'rh': 5}, {'layer': '300mb', 'rh': 9}, {'layer': '250mb', 'rh': 2}, {'layer': '200mb', 'rh': 6}]","[{'layer': '950mb', 'direction': 85, 'speed': 4}, {'layer': '900mb', 'direction': 70, 'speed': 4}, {'layer': '850mb', 'direction': 75, 'speed': 5}, {'layer': '800mb', 'direction': 80, 'speed': 4}, {'layer': '750mb', 'direction': 75, 'speed': 3}, {'layer': '700mb', 'direction': 65, 'speed': 2}, {'layer': '650mb', 'direction': 275, 'speed': 2}, {'layer': '600mb', 'direction': 270, 'speed': 3}, {'layer': '550mb', 'direction': 260, 'speed': 3}, {'layer': '500mb', 'direction': 235, 'speed': 3}, {'layer': '450mb', 'direction': 230, 'speed': 5}, {'layer': '400mb', 'direction': 225, 'speed': 5}, {'layer': '350mb', 'direction': 215, 'speed': 5}, {'layer': '300mb', 'direction': 205, 'speed': 5}, {'layer': '250mb', 'direction': 200, 'speed': 5}, {'layer': '200mb', 'direction': 200, 'speed': 6}]",26,-1,11,1011,none,2,0,85,3,Papua New Guinea
26,80,75,75,75,75,70,260,260,255,240,230,235,225,205,200,195,26,81,4,-9999,-9999,-9999,"[{'layer': '950mb', 'rh': 14}, {'layer': '900mb', 'rh': 11}, {'layer': '850mb', 'rh': 5}, {'layer': '800mb', 'rh': 1}, {'layer': '750mb', 'rh': -1}, {'layer': '700mb', 'rh': -2}, {'layer': '650mb', 'rh': -3}, {'layer': '600mb', 'rh': -3}, {'layer': '550mb', 'rh': -1}, {'layer': '500mb', 'rh': 3}, {'layer': '450mb', 'rh': 2}, {'layer': '400mb', 'rh': -2}, {'layer': '350mb', 'rh': 4}, {'layer': '300mb', 'rh': 7}, {'layer': '250mb', 'rh': 6}, {'layer': '200mb', 'rh': -1}]","[{'layer': '950mb', 'direction': 80, 'speed': 4}, {'layer': '900mb', 'direction': 75, 'speed': 4}, {'layer': '850mb', 'direction': 75, 'speed': 5}, {'layer': '800mb', 'direction': 75, 'speed': 4}, {'layer': '750mb', 'direction': 75, 'speed': 3}, {'layer': '700mb', 'direction': 70, 'speed': 2}, {'layer': '650mb', 'direction': 260, 'speed': 2}, {'layer': '600mb', 'direction': 260, 'speed': 3}, {'layer': '550mb', 'direction': 255, 'speed': 3}, {'layer': '500mb', 'direction': 240, 'speed': 3}, {'layer': '450mb', 'direction': 230, 'speed': 4}, {'layer': '400mb', 'direction': 235, 'speed': 5}, {'layer': '350mb', 'direction': 225, 'speed': 5}, {'layer': '300mb', 'direction': 205, 'speed': 5}, {'layer': '250mb', 'direction': 200, 'speed': 5}, {'layer': '200mb', 'direction': 195, 'speed': 6}]",26,-1,11,1011,none,2,0,85,3,Papua New Guinea
27,80,70,65,70,70,70,230,240,245,245,235,240,230,210,205,205,27,84,3,-9999,-9999,-9999,"[{'layer': '950mb', 'rh': 14}, {'layer': '900mb', 'rh': 14}, {'layer': '850mb', 'rh': 5}, {'layer': '800mb', 'rh': 1}, {'layer': '750mb', 'rh': -1}, {'layer': '700mb', 'rh': -2}, {'layer': '650mb', 'rh': -3}, {'layer': '600mb', 'rh': -2}, {'layer': '550mb', 'rh': -1}, {'layer': '500mb', 'rh': 2}, {'layer': '450mb', 'rh': 3}, {'layer': '400mb', 'rh': 0}, {'layer': '350mb', 'rh': 7}, {'layer': '300mb', 'rh': 8}, {'layer': '250mb', 'rh': 9}, {'layer': '200mb', 'rh': 2}]","[{'layer': '950mb', 'direction': 80, 'speed': 4}, {'layer': '900mb', 'direction': 70, 'speed': 4}, {'layer': '850mb', 'direction': 65, 'speed': 5}, {'layer': '800mb', 'direction': 70, 'speed': 4}, {'layer': '750mb', 'direction': 70, 'speed': 3}, {'layer': '700mb', 'direction': 70, 'speed': 2}, {'layer': '650mb', 'direction': 230, 'speed': 2}, {'layer': '600mb', 'direction': 240, 'speed': 3}, {'layer': '550mb', 'direction': 245, 'speed': 3}, {'layer': '500mb', 'direction': 245, 'speed': 3}, {'layer': '450mb', 'direction': 235, 'speed': 4}, {'layer': '400mb', 'direction': 240, 'speed': 5}, {'layer': '350mb', 'direction': 230, 'speed': 5}, {'layer': '300mb', 'direction': 210, 'speed': 5}, {'layer': '250mb', 'direction': 205, 'speed': 5}, {'layer': '200mb', 'direction': 205, 'speed': 6}]",26,-1,11,1009,none,2,0,80,3,Papua New Guinea
28,80,75,70,65,70,60,245,245,255,255,240,240,235,235,200,200,28,87,8,-9999,-9999,-9999,"[{'layer': '950mb', 'rh': 13}, {'layer': '900mb', 'rh': 14}, {'layer': '850mb', 'rh': 6}, {'layer': '800mb', 'rh': 1}, {'layer': '750mb', 'rh': -1}, {'layer': '700mb', 'rh': -2}, {'layer': '650mb', 'rh': -3}, {'layer': '600mb', 'rh': -2}, {'layer': '550mb', 'rh': -1}, {'layer': '500mb', 'rh': 3}, {'layer': '450mb', 'rh': 2}, {'layer': '400mb', 'rh': -3}, {'layer': '350mb', 'rh': 4}, {'layer': '300mb', 'rh': 15}, {'layer': '250mb', 'rh': 16}, {'layer': '200mb', 'rh': 1}]","[{'layer': '950mb', 'direction': 80, 'speed': 4}, {'layer': '900mb', 'direction': 75, 'speed': 4}, {'layer': '850mb', 'direction': 70, 'speed': 5}, {'layer': '800mb', 'direction': 65, 'speed': 4}, {'layer': '750mb', 'direction': 70, 'speed': 3}, {'layer': '700mb', 'direction': 60, 'speed': 2}, {'layer': '650mb', 'direction': 245, 'speed': 2}, {'layer': '600mb', 'direction': 245, 'speed': 3}, {'layer': '550mb', 'direction': 255, 'speed': 3}, {'layer': '500mb', 'direction': 255, 'speed': 3}, {'layer': '450mb', 'direction': 240, 'speed': 4}, {'layer': '400mb', 'direction': 240, 'speed': 5}, {'layer': '350mb', 'direction': 235, 'speed': 5}, {'layer': '300mb', 'direction': 235, 'speed': 5}, {'layer': '250mb', 'direction': 200, 'speed': 5}, {'layer': '200mb', 'direction': 200, 'speed': 6}]",26,-1,11,1010,rain,2,0,80,4,Papua New Guinea
29,75,80,70,65,60,65,240,260,265,260,235,235,230,215,200,190,29,90,9,-9999,-9999,-9999,"[{'layer': '950mb', 'rh': 10}, {'layer': '900mb', 'rh': 13}, {'layer': '850mb', 'rh': 8}, {'layer': '800mb', 'rh': 1}, {'layer': '750mb', 'rh': -1}, {'layer': '700mb', 'rh': -2}, {'layer': '650mb', 'rh': -3}, {'layer': '600mb', 'rh': -2}, {'layer': '550mb', 'rh': 1}, {'layer': '500mb', 'rh': 0}, {'layer': '450mb', 'rh': 0}, {'layer': '400mb', 'rh': -3}, {'layer': '350mb', 'rh': 6}, {'layer': '300mb', 'rh': 15}, {'layer': '250mb', 'rh': 6}, {'layer': '200mb', 'rh': 1}]","[{'layer': '950mb', 'direction': 75, 'speed': 4}, {'layer': '900mb', 'direction': 80, 'speed': 4}, {'layer': '850mb', 'direction': 70, 'speed': 5}, {'layer': '800mb', 'direction': 65, 'speed': 5}, {'layer': '750mb', 'direction': 60, 'speed': 3}, {'layer': '700mb', 'direction': 65, 'speed': 3}, {'layer': '650mb', 'direction': 240, 'speed': 2}, {'layer': '600mb', 'direction': 260, 'speed': 3}, {'layer': '550mb', 'direction': 265, 'speed': 3}, {'layer': '500mb', 'direction': 260, 'speed': 4}, {'layer': '450mb', 'direction': 235, 'speed': 5}, {'layer': '400mb', 'direction': 235, 'speed': 5}, {'layer': '350mb', 'direction': 230, 'speed': 6}, {'layer': '300mb', 'direction': 215, 'speed': 5}, {'layer': '250mb', 'direction': 200, 'speed': 6}, {'layer': '200mb', 'direction': 190, 'speed': 6}]",26,-1,11,1012,rain,2,0,85,3,Papua New Guinea
30,85,80,75,65,60,50,290,265,270,265,235,240,235,215,205,195,30,93,6,-9999,-9999,-9999,"[{'layer': '950mb', 'rh': 14}, {'layer': '900mb', 'rh': 12}, {'layer': '850mb', 'rh': 10}, {'layer': '800mb', 'rh': 2}, {'layer': '750mb', 'rh': -1}, {'layer': '700mb', 'rh': -2}, {'layer': '650mb', 'rh': -3}, {'layer': '600mb', 'rh': -2}, {'layer': '550mb', 'rh': 1}, {'layer': '500mb', 'rh': -2}, {'layer': '450mb', 'rh': 0}, {'layer': '400mb', 'rh': -3}, {'layer': '350mb', 'rh': 0}, {'layer': '300mb', 'rh': 6}, {'layer': '250mb', 'rh': 3}, {'layer': '200mb', 'rh': 1}]","[{'layer': '950mb', 'direction': 85, 'speed': 4}, {'layer': '900mb', 'direction': 80, 'speed': 4}, {'layer': '850mb', 'direction': 75, 'speed': 5}, {'layer': '800mb', 'direction': 65, 'speed': 4}, {'layer': '750mb', 'direction': 60, 'speed': 3}, {'layer': '700mb', 'direction': 50, 'speed': 3}, {'layer': '650mb', 'direction': 290, 'speed': 2}, {'layer': '600mb', 'direction': 265, 'speed': 3}, {'layer': '550mb', 'direction': 270, 'speed': 3}, {'layer': '500mb', 'direction': 265, 'speed': 4}, {'layer': '450mb', 'direction': 235, 'speed': 4}, {'layer': '400mb', 'direction': 240, 'speed': 5}, {'layer': '350mb', 'direction': 235, 'speed': 5}, {'layer': '300mb', 'direction': 215, 'speed': 5}, {'layer': '250mb', 'direction': 205, 'speed': 6}, {'layer': '200mb', 'direction': 195, 'speed': 6}]",26,-1,11,1010,none,2,0,85,3,Papua New Guinea
31,85,80,80,70,55,40,305,270,275,270,240,235,240,220,205,205,31,96,4,-9999,-9999,-9999,"[{'layer': '950mb', 'rh': 14}, {'layer': '900mb', 'rh': 13}, {'layer': '850mb', 'rh': 10}, {'layer': '800mb', 'rh': 3}, {'layer': '750mb', 'rh': 0}, {'layer': '700mb', 'rh': -2}, {'layer': '650mb', 'rh': -3}, {'layer': '600mb', 'rh': -2}, {'layer': '550mb', 'rh': -1}, {'layer': '500mb', 'rh': -3}, {'layer': '450mb', 'rh': -1}, {'layer': '400mb', 'rh': -2}, {'layer': '350mb', 'rh': 5}, {'layer': '300mb', 'rh': 2}, {'layer': '250mb', 'rh': 5}, {'layer': '200mb', 'rh': 3}]","[{'layer': '950mb', 'direction': 85, 'speed': 3}, {'layer': '900mb', 'direction': 80, 'speed': 4}, {'layer': '850mb', 'direction': 80, 'speed': 5}, {'layer': '800mb', 'direction': 70, 'speed': 4}, {'layer': '750mb', 'direction': 55, 'speed': 3}, {'layer': '700mb', 'direction': 40, 'speed': 3}, {'layer': '650mb', 'direction': 305, 'speed': 2}, {'layer': '600mb', 'direction': 270, 'speed': 3}, {'layer': '550mb', 'direction': 275, 'speed': 4}, {'layer': '500mb', 'direction': 270, 'speed': 4}, {'layer': '450mb', 'direction': 240, 'speed': 5}, {'layer': '400mb', 'direction': 235, 'speed': 5}, {'layer': '350mb', 'direction': 240, 'speed': 5}, {'layer': '300mb', 'direction': 220, 'speed': 5}, {'layer': '250mb', 'direction': 205, 'speed': 6}, {'layer': '200mb', 'direction': 205, 'speed': 7}]",26,-1,11,1008,none,2,0,90,3,Papua New Guinea
32,90,85,85,75,65,45,305,280,275,270,245,240,235,230,210,205,32,99,2,-9999,-9999,-9999,"[{'layer': '950mb', 'rh': 14}, {'layer': '900mb', 'rh': 12}, {'layer': '850mb', 'rh': 10}, {'layer': '800mb', 'rh': 6}, {'layer': '750mb', 'rh': 0}, {'layer': '700mb', 'rh': -2}, {'layer': '650mb', 'rh': -3}, {'layer': '600mb', 'rh': -1}, {'layer': '550mb', 'rh': -3}, {'layer': '500mb', 'rh': -3}, {'layer': '450mb', 'rh': -1}, {'layer': '400mb', 'rh': -2}, {'layer': '350mb', 'rh': 4}, {'layer': '300mb', 'rh': 5}, {'layer': '250mb', 'rh': 11}, {'layer': '200mb', 'rh': 2}]","[{'layer': '950mb', 'direction': 90, 'speed': 4}, {'layer': '900mb', 'direction': 85, 'speed': 4}, {'layer': '850mb', 'direction': 85, 'speed': 5}, {'layer': '800mb', 'direction': 75, 'speed': 5}, {'layer': '750mb', 'direction': 65, 'speed': 3}, {'layer': '700mb', 'direction': 45, 'speed': 3}, {'layer': '650mb', 'direction': 305, 'speed': 2}, {'layer': '600mb', 'direction': 280, 'speed': 3}, {'layer': '550mb', 'direction': 275, 'speed': 4}, {'layer': '500mb', 'direction': 270, 'speed': 5}, {'layer': '450mb', 'direction': 245, 'speed': 5}, {'layer': '400mb', 'direction': 240, 'speed': 5}, {'layer': '350mb', 'direction': 235, 'speed': 5}, {'layer': '300mb', 'direction': 230, 'speed': 5}, {'layer': '250mb', 'direction': 210, 'speed': 6}, {'layer': '200mb', 'direction': 205, 'speed': 7}]",26,-4,12,1009,rain,2,0,90,3,Papua New Guinea
33,90,80,80,80,70,40,305,275,270,270,250,250,250,230,200,205,33,102,5,-9999,-9999,-9999,"[{'layer': '950mb', 'rh': 14}, {'layer': '900mb', 'rh': 11}, {'layer': '850mb', 'rh': 10}, {'layer': '800mb', 'rh': 7}, {'layer': '750mb', 'rh': 2}, {'layer': '700mb', 'rh': -2}, {'layer': '650mb', 'rh': -2}, {'layer': '600mb', 'rh': -1}, {'layer': '550mb', 'rh': -3}, {'layer': '500mb', 'rh': -3}, {'layer': '450mb', 'rh': 0}, {'layer': '400mb', 'rh': 2}, {'layer': '350mb', 'rh': 9}, {'layer': '300mb', 'rh': 15}, {'layer': '250mb', 'rh': 11}, {'layer': '200mb', 'rh': 5}]","[{'layer': '950mb', 'direction': 90, 'speed': 4}, {'layer': '900mb', 'direction': 80, 'speed': 5}, {'layer': '850mb', 'direction': 80, 'speed': 5}, {'layer': '800mb', 'direction': 80, 'speed': 5}, {'layer': '750mb', 'direction': 70, 'speed': 4}, {'layer': '700mb', 'direction': 40, 'speed': 3}, {'layer': '650mb', 'direction': 305, 'speed': 2}, {'layer': '600mb', 'direction': 275, 'speed': 3}, {'layer': '550mb', 'direction': 270, 'speed': 4}, {'layer': '500mb', 'direction': 270, 'speed': 5}, {'layer': '450mb', 'direction': 250, 'speed': 5}, {'layer': '400mb', 'direction': 250, 'speed': 5}, {'layer': '350mb', 'direction': 250, 'speed': 5}, {'layer': '300mb', 'direction': 230, 'speed': 5}, {'layer': '250mb', 'direction': 200, 'speed': 6}, {'layer': '200mb', 'direction': 205, 'speed': 7}]",26,-4,12,1011,rain,2,0,90,3,Papua New Guinea
34,90,85,85,75,70,40,300,270,265,265,245,245,215,220,195,205,34,105,9,-9999,-9999,-9999,"[{'layer': '950mb', 'rh': 14}, {'layer': '900mb', 'rh': 12}, {'layer': '850mb', 'rh': 9}, {'layer': '800mb', 'rh': 8}, {'layer': '750mb', 'rh': 4}, {'layer': '700mb', 'rh': -2}, {'layer': '650mb', 'rh': -2}, {'layer': '600mb', 'rh': -3}, {'layer': '550mb', 'rh': -3}, {'layer': '500mb', 'rh': -3}, {'layer': '450mb', 'rh': 2}, {'layer': '400mb', 'rh': 11}, {'layer': '350mb', 'rh': 16}, {'layer': '300mb', 'rh': 9}, {'layer': '250mb', 'rh': 9}, {'layer': '200mb', 'rh': 6}]","[{'layer': '950mb', 'direction': 90, 'speed': 5}, {'layer': '900mb', 'direction': 85, 'speed': 5}, {'layer': '850mb', 'direction': 85, 'speed': 5}, {'layer': '800mb', 'direction': 75, 'speed': 5}, {'layer': '750mb', 'direction': 70, 'speed': 3}, {'layer': '700mb', 'direction': 40, 'speed': 2}, {'layer': '650mb', 'direction': 300, 'speed': 2}, {'layer': '600mb', 'direction': 270, 'speed': 3}, {'layer': '550mb', 'direction': 265, 'speed': 4}, {'layer': '500mb', 'direction': 265, 'speed': 5}, {'layer': '450mb', 'direction': 245, 'speed': 5}, {'layer': '400mb', 'direction': 245, 'speed': 5}, {'layer': '350mb', 'direction': 215, 'speed': 5}, {'layer': '300mb', 'direction': 220, 'speed': 5}, {'layer': '250mb', 'direction': 195, 'speed': 7}, {'layer': '200mb', 'direction': 205, 'speed': 7}]",25,-4,12,1011,rain,2,0,90,4,Papua New Guinea
35,80,80,80,75,75,55,270,265,265,260,250,235,215,215,200,215,35,108,8,-9999,-9999,-9999,"[{'layer': '950mb', 'rh': 15}, {'layer': '900mb', 'rh': 12}, {'layer': '850mb', 'rh': 10}, {'layer': '800mb', 'rh': 8}, {'layer': '750mb', 'rh': 4}, {'layer': '700mb', 'rh': -2}, {'layer': '650mb', 'rh': -2}, {'layer': '600mb', 'rh': -3}, {'layer': '550mb', 'rh': -3}, {'layer': '500mb', 'rh': -3}, {'layer': '450mb', 'rh': 2}, {'layer': '400mb', 'rh': 15}, {'layer': '350mb', 'rh': 13}, {'layer': '300mb', 'rh': 10}, {'layer': '250mb', 'rh': 16}, {'layer': '200mb', 'rh': 8}]","[{'layer': '950mb', 'direction': 80, 'speed': 4}, {'layer': '900mb', 'direction': 80, 'speed': 5}, {'layer': '850mb', 'direction': 80, 'speed': 5}, {'layer': '800mb', 'direction': 75, 'speed': 4}, {'layer': '750mb', 'direction': 75, 'speed': 3}, {'layer': '700mb', 'direction': 55, 'speed': 2}, {'layer': '650mb', 'direction': 270, 'speed': 2}, {'layer': '600mb', 'direction': 265, 'speed': 3}, {'layer': '550mb', 'direction': 265, 'speed': 5}, {'layer': '500mb', 'direction': 260, 'speed': 5}, {'layer': '450mb', 'direction': 250, 'speed': 5}, {'layer': '400mb', 'direction': 235, 'speed': 5}, {'layer': '350mb', 'direction': 215, 'speed': 5}, {'layer': '300mb', 'direction': 215, 'speed': 5}, {'layer': '250mb', 'direction': 200, 'speed': 6}, {'layer': '200mb', 'direction': 215, 'speed': 7}]",26,-4,12,1009,rain,2,0,80,3,Papua New Guinea
36,85,85,85,80,80,70,285,265,265,265,255,235,225,205,210,220,36,111,9,-9999,-9999,-9999,"[{'layer': '950mb', 'rh': 15}, {'layer': '900mb', 'rh': 13}, {'layer': '850mb', 'rh': 11}, {'layer': '800mb', 'rh': 7}, {'layer': '750mb', 'rh': 4}, {'layer': '700mb', 'rh': 0}, {'layer': '650mb', 'rh': -2}, {'layer': '600mb', 'rh': -3}, {'layer': '550mb', 'rh': -3}, {'layer': '500mb', 'rh': -3}, {'layer': '450mb', 'rh': 1}, {'layer': '400mb', 'rh': 15}, {'layer': '350mb', 'rh': 10}, {'layer': '300mb', 'rh': 15}, {'layer': '250mb', 'rh': 12}, {'layer': '200mb', 'rh': 3}]","[{'layer': '950mb', 'direction': 85, 'speed': 4}, {'layer': '900mb', 'direction': 85, 'speed': 5}, {'layer': '850mb', 'direction': 85, 'speed': 5}, {'layer': '800mb', 'direction': 80, 'speed': 4}, {'layer': '750mb', 'direction': 80, 'speed': 3}, {'layer': '700mb', 'direction': 70, 'speed': 2}, {'layer': '650mb', 'direction': 285, 'speed': 2}, {'layer': '600mb', 'direction': 265, 'speed': 3}, {'layer': '550mb', 'direction': 265, 'speed': 4}, {'layer': '500mb', 'direction': 265, 'speed': 5}, {'layer': '450mb', 'direction': 255, 'speed': 5}, {'layer': '400mb', 'direction': 235, 'speed': 5}, {'layer': '350mb', 'direction': 225, 'speed': 5}, {'layer': '300mb', 'direction': 205, 'speed': 6}, {'layer': '250mb', 'direction': 210, 'speed': 6}, {'layer': '200mb', 'direction': 220, 'speed': 6}]",26,-4,12,1011,rain,2,0,80,3,Papua New Guinea
37,85,90,90,85,80,75,315,275,265,265,250,230,225,210,215,210,37,114,7,-9999,-9999,-9999,"[{'layer': '950mb', 'rh': 15}, {'layer': '900mb', 'rh': 13}, {'layer': '850mb', 'rh': 10}, {'layer': '800mb', 'rh': 7}, {'layer': '750mb', 'rh': 4}, {'layer': '700mb', 'rh': 1}, {'layer': '650mb', 'rh': -1}, {'layer': '600mb', 'rh': -2}, {'layer': '550mb', 'rh': -2}, {'layer': '500mb', 'rh': -1}, {'layer': '450mb', 'rh': 6}, {'layer': '400mb', 'rh': 12}, {'layer': '350mb', 'rh': 13}, {'layer': '300mb', 'rh': 15}, {'layer': '250mb', 'rh': 6}, {'layer': '200mb', 'rh': -1}]","[{'layer': '950mb', 'direction': 85, 'speed': 4}, {'layer': '900mb', 'direction': 90, 'speed': 5}, {'layer': '850mb', 'direction': 90, 'speed': 5}, {'layer': '800mb', 'direction': 85, 'speed': 4}, {'layer': '750mb', 'direction': 80, 'speed': 3}, {'layer': '700mb', 'direction': 75, 'speed': 3}, {'layer': '650mb', 'direction': 315, 'speed': 2}, {'layer': '600mb', 'direction': 275, 'speed': 3}, {'layer': '550mb', 'direction': 265, 'speed': 4}, {'layer': '500mb', 'direction': 265, 'speed': 5}, {'layer': '450mb', 'direction': 250, 'speed': 5}, {'layer': '400mb', 'direction': 230, 'speed': 5}, {'layer': '350mb', 'direction': 225, 'speed': 5}, {'layer': '300mb', 'direction': 210, 'speed': 5}, {'layer': '250mb', 'direction': 215, 'speed': 6}, {'layer': '200mb', 'direction': 210, 'speed': 6}]",26,-4,12,1012,rain,3,0,90,3,Papua New Guinea
38,85,85,90,90,85,75,320,275,265,265,245,230,225,215,220,210,38,117,3,-9999,-9999,-9999,"[{'layer': '950mb', 'rh': 14}, {'layer': '900mb', 'rh': 12}, {'layer': '850mb', 'rh': 11}, {'layer': '800mb', 'rh': 8}, {'layer': '750mb', 'rh': 4}, {'layer': '700mb', 'rh': 2}, {'layer': '650mb', 'rh': 1}, {'layer': '600mb', 'rh': 0}, {'layer': '550mb', 'rh': 0}, {'layer': '500mb', 'rh': 1}, {'layer': '450mb', 'rh': 8}, {'layer': '400mb', 'rh': 11}, {'layer': '350mb', 'rh': 10}, {'layer': '300mb', 'rh': 8}, {'layer': '250mb', 'rh': 3}, {'layer': '200mb', 'rh': 0}]","[{'layer': '950mb', 'direction': 85, 'speed': 5}, {'layer': '900mb', 'direction': 85, 'speed': 5}, {'layer': '850mb', 'direction': 90, 'speed': 5}, {'layer': '800mb', 'direction': 90, 'speed': 4}, {'layer': '750mb', 'direction': 85, 'speed': 3}, {'layer': '700mb', 'direction': 75, 'speed': 3}, {'layer': '650mb', 'direction': 320, 'speed': 2}, {'layer': '600mb', 'direction': 275, 'speed': 3}, {'layer': '550mb', 'direction': 265, 'speed': 5}, {'layer': '500mb', 'direction': 265, 'speed': 5}, {'layer': '450mb', 'direction': 245, 'speed': 5}, {'layer': '400mb', 'direction': 230, 'speed': 4}, {'layer': '350mb', 'direction': 225, 'speed': 5}, {'layer': '300mb', 'direction': 215, 'speed': 5}, {'layer': '250mb', 'direction': 220, 'speed': 6}, {'layer': '200mb', 'direction': 210, 'speed': 6}]",26,-4,11,1011,rain,3,0,85,4,Papua New Guinea
39,80,85,95,95,95,85,290,270,260,260,245,235,235,215,210,220,39,120,2,-9999,-9999,-9999,"[{'layer': '950mb', 'rh': 13}, {'layer': '900mb', 'rh': 12}, {'layer': '850mb', 'rh': 4}, {'layer': '800mb', 'rh': 1}, {'layer': '750mb', 'rh': 1}, {'layer': '700mb', 'rh': 1}, {'layer': '650mb', 'rh': 0}, {'layer': '600mb', 'rh': 0}, {'layer': '550mb', 'rh': 1}, {'layer': '500mb', 'rh': 2}, {'layer': '450mb', 'rh': 9}, {'layer': '400mb', 'rh': 12}, {'layer': '350mb', 'rh': 10}, {'layer': '300mb', 'rh': 4}, {'layer': '250mb', 'rh': 1}, {'layer': '200mb', 'rh': -1}]","[{'layer': '950mb', 'direction': 80, 'speed': 4}, {'layer': '900mb', 'direction': 85, 'speed': 5}, {'layer': '850mb', 'direction': 95, 'speed': 5}, {'layer': '800mb', 'direction': 95, 'speed': 5}, {'layer': '750mb', 'direction': 95, 'speed': 4}, {'layer': '700mb', 'direction': 85, 'speed': 3}, {'layer': '650mb', 'direction': 290, 'speed': 2}, {'layer': '600mb', 'direction': 270, 'speed': 3}, {'layer': '550mb', 'direction': 260, 'speed': 5}, {'layer': '500mb', 'direction': 260, 'speed': 5}, {'layer': '450mb', 'direction': 245, 'speed': 4}, {'layer': '400mb', 'direction': 235, 'speed': 4}, {'layer': '350mb', 'direction': 235, 'speed': 5}, {'layer': '300mb', 'direction': 215, 'speed': 5}, {'layer': '250mb', 'direction': 210, 'speed': 7}, {'layer': '200mb', 'direction': 220, 'speed': 6}]",26,-1,11,1009,rain,3,0,75,4,Papua New Guinea
40,85,90,100,100,100,90,290,270,260,255,250,260,235,220,220,225,40,123,2,-9999,-9999,-9999,"[{'layer': '950mb', 'rh': 12}, {'layer': '900mb', 'rh': 12}, {'layer': '850mb', 'rh': 3}, {'layer': '800mb', 'rh': 0}, {'layer': '750mb', 'rh': 1}, {'layer': '700mb', 'rh': 0}, {'layer': '650mb', 'rh': 0}, {'layer': '600mb', 'rh': 0}, {'layer': '550mb', 'rh': 0}, {'layer': '500mb', 'rh': 3}, {'layer': '450mb', 'rh': 10}, {'layer': '400mb', 'rh': 12}, {'layer': '350mb', 'rh': 10}, {'layer': '300mb', 'rh': 6}, {'layer': '250mb', 'rh': 2}, {'layer': '200mb', 'rh': 1}]","[{'layer': '950mb', 'direction': 85, 'speed': 5}, {'layer': '900mb', 'direction': 90, 'speed': 5}, {'layer': '850mb', 'direction': 100, 'speed': 5}, {'layer': '800mb', 'direction': 100, 'speed': 5}, {'layer': '750mb', 'direction': 100, 'speed': 4}, {'layer': '700mb', 'direction': 90, 'speed': 3}, {'layer': '650mb', 'direction': 290, 'speed': 2}, {'layer': '600mb', 'direction': 270, 'speed': 3}, {'layer': '550mb', 'direction': 260, 'speed': 5}, {'layer': '500mb', 'direction': 255, 'speed': 5}, {'layer': '450mb', 'direction': 250, 'speed': 4}, {'layer': '400mb', 'direction': 260, 'speed': 4}, {'layer': '350mb', 'direction': 235, 'speed': 4}, {'layer': '300mb', 'direction': 220, 'speed': 5}, {'layer': '250mb', 'direction': 220, 'speed': 6}, {'layer': '200mb', 'direction': 225, 'speed': 6}]",26,-1,11,1010,none,3,0,80,3,Papua New Guinea
41,80,85,95,100,95,90,280,265,250,245,255,260,240,225,215,245,41,126,2,-9999,-9999,-9999,"[{'layer': '950mb', 'rh': 14}, {'layer': '900mb', 'rh': 12}, {'layer': '850mb', 'rh': 4}, {'layer': '800mb', 'rh': -1}, {'layer': '750mb', 'rh': 1}, {'layer': '700mb', 'rh': -1}, {'layer': '650mb', 'rh': 0}, {'layer': '600mb', 'rh': 1}, {'layer': '550mb', 'rh': 2}, {'layer': '500mb', 'rh': 3}, {'layer': '450mb', 'rh': 11}, {'layer': '400mb', 'rh': 13}, {'layer': '350mb', 'rh': 11}, {'layer': '300mb', 'rh': 8}, {'layer': '250mb', 'rh': 4}, {'layer': '200mb', 'rh': -1}]","[{'layer': '950mb', 'direction': 80, 'speed': 4}, {'layer': '900mb', 'direction': 85, 'speed': 5}, {'layer': '850mb', 'direction': 95, 'speed': 5}, {'layer': '800mb', 'direction': 100, 'speed': 5}, {'layer': '750mb', 'direction': 95, 'speed': 5}, {'layer': '700mb', 'direction': 90, 'speed': 3}, {'layer': '650mb', 'direction': 280, 'speed': 2}, {'layer': '600mb', 'direction': 265, 'speed': 3}, {'layer': '550mb', 'direction': 250, 'speed': 4}, {'layer': '500mb', 'direction': 245, 'speed': 5}, {'layer': '450mb', 'direction': 255, 'speed': 4}, {'layer': '400mb', 'direction': 260, 'speed': 3}, {'layer': '350mb', 'direction': 240, 'speed': 4}, {'layer': '300mb', 'direction': 225, 'speed': 5}, {'layer': '250mb', 'direction': 215, 'speed': 6}, {'layer': '200mb', 'direction': 245, 'speed': 6}]",26,-1,11,1012,none,3,0,75,4,Papua New Guinea
42,80,90,95,100,100,95,255,250,245,245,250,255,255,225,210,235,42,129,2,-9999,-9999,-9999,"[{'layer': '950mb', 'rh': 13}, {'layer': '900mb', 'rh': 13}, {'layer': '850mb', 'rh': 7}, {'layer': '800mb', 'rh': 0}, {'layer': '750mb', 'rh': 1}, {'layer': '700mb', 'rh': -1}, {'layer': '650mb', 'rh': 0}, {'layer': '600mb', 'rh': 2}, {'layer': '550mb', 'rh': 2}, {'layer': '500mb', 'rh': 4}, {'layer': '450mb', 'rh': 12}, {'layer': '400mb', 'rh': 13}, {'layer': '350mb', 'rh': 12}, {'layer': '300mb', 'rh': 13}, {'layer': '250mb', 'rh': 5}, {'layer': '200mb', 'rh': 0}]","[{'layer': '950mb', 'direction': 80, 'speed': 4}, {'layer': '900mb', 'direction': 90, 'speed': 5}, {'layer': '850mb', 'direction': 95, 'speed': 5}, {'layer': '800mb', 'direction': 100, 'speed': 5}, {'layer': '750mb', 'direction': 100, 'speed': 4}, {'layer': '700mb', 'direction': 95, 'speed': 3}, {'layer': '650mb', 'direction': 255, 'speed': 2}, {'layer': '600mb', 'direction': 250, 'speed': 3}, {'layer': '550mb', 'direction': 245, 'speed': 4}, {'layer': '500mb', 'direction': 245, 'speed': 5}, {'layer': '450mb', 'direction': 250, 'speed': 3}, {'layer': '400mb', 'direction': 255, 'speed': 3}, {'layer': '350mb', 'direction': 255, 'speed': 4}, {'layer': '300mb', 'direction': 225, 'speed': 5}, {'layer': '250mb', 'direction': 210, 'speed': 6}, {'layer': '200mb', 'direction': 235, 'speed': 5}]",26,-1,11,1012,none,3,0,80,4,Papua New Guinea
43,85,85,90,95,100,100,240,245,250,250,255,245,250,230,215,235,43,132,2,-9999,-9999,-9999,"[{'layer': '950mb', 'rh': 13}, {'layer': '900mb', 'rh': 13}, {'layer': '850mb', 'rh': 9}, {'layer': '800mb', 'rh': 0}, {'layer': '750mb', 'rh': 0}, {'layer': '700mb', 'rh': -1}, {'layer': '650mb', 'rh': 0}, {'layer': '600mb', 'rh': 4}, {'layer': '550mb', 'rh': 2}, {'layer': '500mb', 'rh': 6}, {'layer': '450mb', 'rh': 14}, {'layer': '400mb', 'rh': 12}, {'layer': '350mb', 'rh': 13}, {'layer': '300mb', 'rh': 13}, {'layer': '250mb', 'rh': 5}, {'layer': '200mb', 'rh': 1}]","[{'layer': '950mb', 'direction': 85, 'speed': 4}, {'layer': '900mb', 'direction': 85, 'speed': 5}, {'layer': '850mb', 'direction': 90, 'speed': 5}, {'layer': '800mb', 'direction': 95, 'speed': 5}, {'layer': '750mb', 'direction': 100, 'speed': 5}, {'layer': '700mb', 'direction': 100, 'speed': 3}, {'layer': '650mb', 'direction': 240, 'speed': 2}, {'layer': '600mb', 'direction': 245, 'speed': 3}, {'layer': '550mb', 'direction': 250, 'speed': 5}, {'layer': '500mb', 'direction': 250, 'speed': 5}, {'layer': '450mb', 'direction': 255, 'speed': 3}, {'layer': '400mb', 'direction': 245, 'speed': 4}, {'layer': '350mb', 'direction': 250, 'speed': 5}, {'layer': '300mb', 'direction': 230, 'speed': 5}, {'layer': '250mb', 'direction': 215, 'speed': 6}, {'layer': '200mb', 'direction': 235, 'speed': 5}]",26,-1,11,1009,none,3,0,80,4,Papua New Guinea
44,80,85,90,95,95,100,215,245,250,250,250,245,245,225,220,220,44,135,2,-9999,-9999,-9999,"[{'layer': '950mb', 'rh': 13}, {'layer': '900mb', 'rh': 13}, {'layer': '850mb', 'rh': 11}, {'layer': '800mb', 'rh': 1}, {'layer': '750mb', 'rh': -1}, {'layer': '700mb', 'rh': 0}, {'layer': '650mb', 'rh': 0}, {'layer': '600mb', 'rh': 5}, {'layer': '550mb', 'rh': 4}, {'layer': '500mb', 'rh': 9}, {'layer': '450mb', 'rh': 12}, {'layer': '400mb', 'rh': 12}, {'layer': '350mb', 'rh': 11}, {'layer': '300mb', 'rh': 13}, {'layer': '250mb', 'rh': 4}, {'layer': '200mb', 'rh': 2}]","[{'layer': '950mb', 'direction': 80, 'speed': 5}, {'layer': '900mb', 'direction': 85, 'speed': 5}, {'layer': '850mb', 'direction': 90, 'speed': 5}, {'layer': '800mb', 'direction': 95, 'speed': 5}, {'layer': '750mb', 'direction': 95, 'speed': 5}, {'layer': '700mb', 'direction': 100, 'speed': 3}, {'layer': '650mb', 'direction': 215, 'speed': 2}, {'layer': '600mb', 'direction': 245, 'speed': 3}, {'layer': '550mb', 'direction': 250, 'speed': 4}, {'layer': '500mb', 'direction': 250, 'speed': 4}, {'layer': '450mb', 'direction': 250, 'speed': 3}, {'layer': '400mb', 'direction': 245, 'speed': 4}, {'layer': '350mb', 'direction': 245, 'speed': 5}, {'layer': '300mb', 'direction': 225, 'speed': 5}, {'layer': '250mb', 'direction': 220, 'speed': 5}, {'layer': '200mb', 'direction': 220, 'speed': 6}]",26,-1,11,1011,none,3,0,85,4,Papua New Guinea
45,75,85,95,95,100,105,155,225,245,260,265,270,235,230,225,235,45,138,2,-9999,-9999,-9999,"[{'layer': '950mb', 'rh': 13}, {'layer': '900mb', 'rh': 13}, {'layer': '850mb', 'rh': 11}, {'layer': '800mb', 'rh': 4}, {'layer': '750mb', 'rh': -1}, {'layer': '700mb', 'rh': 1}, {'layer': '650mb', 'rh': 0}, {'layer': '600mb', 'rh': 6}, {'layer': '550mb', 'rh': 1}, {'layer': '500mb', 'rh': 8}, {'layer': '450mb', 'rh': 12}, {'layer': '400mb', 'rh': 12}, {'layer': '350mb', 'rh': 12}, {'layer': '300mb', 'rh': 7}, {'layer': '250mb', 'rh': 7}, {'layer': '200mb', 'rh': 1}]","[{'layer': '950mb', 'direction': 75, 'speed': 5}, {'layer': '900mb', 'direction': 85, 'speed': 5}, {'layer': '850mb', 'direction': 95, 'speed': 5}, {'layer': '800mb', 'direction': 95, 'speed': 5}, {'layer': '750mb', 'direction': 100, 'speed': 5}, {'layer': '700mb', 'direction': 105, 'speed': 4}, {'layer': '650mb', 'direction': 155, 'speed': 2}, {'layer': '600mb', 'direction': 225, 'speed': 3}, {'layer': '550mb', 'direction': 245, 'speed': 4}, {'layer': '500mb', 'direction': 260, 'speed': 4}, {'layer': '450mb', 'direction': 265, 'speed': 3}, {'layer': '400mb', 'direction': 270, 'speed': 4}, {'layer': '350mb', 'direction': 235, 'speed': 5}, {'layer': '300mb', 'direction': 230, 'speed': 5}, {'layer': '250mb', 'direction': 225, 'speed': 5}, {'layer': '200mb', 'direction': 235, 'speed': 5}]",26,-1,11,1012,none,3,0,75,4,Papua New Guinea
46,75,80,90,95,95,95,135,225,245,255,255,255,245,230,225,220,46,141,2,-9999,-9999,-9999,"[{'layer': '950mb', 'rh': 14}, {'layer': '900mb', 'rh': 13}, {'layer': '850mb', 'rh': 12}, {'layer': '800mb', 'rh': 10}, {'layer': '750mb', 'rh': -1}, {'layer': '700mb', 'rh': -1}, {'layer': '650mb', 'rh': 1}, {'layer': '600mb', 'rh': 8}, {'layer': '550mb', 'rh': 5}, {'layer': '500mb', 'rh': 9}, {'layer': '450mb', 'rh': 11}, {'layer': '400mb', 'rh': 11}, {'layer': '350mb', 'rh': 11}, {'layer': '300mb', 'rh': 7}, {'layer': '250mb', 'rh': 7}, {'layer': '200mb', 'rh': 0}]","[{'layer': '950mb', 'direction': 75, 'speed': 4}, {'layer': '900mb', 'direction': 80, 'speed': 5}, {'layer': '850mb', 'direction': 90, 'speed': 5}, {'layer': '800mb', 'direction': 95, 'speed': 5}, {'layer': '750mb', 'direction': 95, 'speed': 4}, {'layer': '700mb', 'direction': 95, 'speed': 3}, {'layer': '650mb', 'direction': 135, 'speed': 2}, {'layer': '600mb', 'direction': 225, 'speed': 3}, {'layer': '550mb', 'direction': 245, 'speed': 4}, {'layer': '500mb', 'direction': 255, 'speed': 4}, {'layer': '450mb', 'direction': 255, 'speed': 4}, {'layer': '400mb', 'direction': 255, 'speed': 4}, {'layer': '350mb', 'direction': 245, 'speed': 5}, {'layer': '300mb', 'direction': 230, 'speed': 5}, {'layer': '250mb', 'direction': 225, 'speed': 5}, {'layer': '200mb', 'direction': 220, 'speed': 5}]",26,-1,11,1011,rain,3,0,75,4,Papua New Guinea
47,85,85,95,100,100,100,135,225,230,250,255,255,240,235,225,245,47,144,3,-9999,-9999,-9999,"[{'layer': '950mb', 'rh': 14}, {'layer': '900mb', 'rh': 14}, {'layer': '850mb', 'rh': 13}, {'layer': '800mb', 'rh': 11}, {'layer': '750mb', 'rh': 7}, {'layer': '700mb', 'rh': -1}, {'layer': '650mb', 'rh': 1}, {'layer': '600mb', 'rh': 8}, {'layer': '550mb', 'rh': 12}, {'layer': '500mb', 'rh': 11}, {'layer': '450mb', 'rh': 10}, {'layer': '400mb', 'rh': 10}, {'layer': '350mb', 'rh': 11}, {'layer': '300mb', 'rh': 8}, {'layer': '250mb', 'rh': 2}, {'layer': '200mb', 'rh': 1}]","[{'layer': '950mb', 'direction': 85, 'speed': 5}, {'layer': '900mb', 'direction': 85, 'speed': 5}, {'layer': '850mb', 'direction': 95, 'speed': 5}, {'layer': '800mb', 'direction': 100, 'speed': 5}, {'layer': '750mb', 'direction': 100, 'speed': 5}, {'layer': '700mb', 'direction': 100, 'speed': 3}, {'layer': '650mb', 'direction': 135, 'speed': 2}, {'layer': '600mb', 'direction': 225, 'speed': 3}, {'layer': '550mb', 'direction': 230, 'speed': 4}, {'layer': '500mb', 'direction': 250, 'speed': 4}, {'layer': '450mb', 'direction': 255, 'speed': 4}, {'layer': '400mb', 'direction': 255, 'speed': 5}, {'layer': '350mb', 'direction': 240, 'speed': 5}, {'layer': '300mb', 'direction': 235, 'speed': 5}, {'layer': '250mb', 'direction': 225, 'speed': 5}, {'layer': '200mb', 'direction': 245, 'speed': 6}]",26,-1,11,1008,rain,3,0,80,4,Papua New Guinea
48,90,90,95,100,95,95,140,220,235,245,255,255,240,240,215,240,48,147,3,-9999,-9999,-9999,"[{'layer': '950mb', 'rh': 14}, {'layer': '900mb', 'rh': 14}, {'layer': '850mb', 'rh': 13}, {'layer': '800mb', 'rh': 10}, {'layer': '750mb', 'rh': 8}, {'layer': '700mb', 'rh': 3}, {'layer': '650mb', 'rh': 3}, {'layer': '600mb', 'rh': 10}, {'layer': '550mb', 'rh': 10}, {'layer': '500mb', 'rh': 11}, {'layer': '450mb', 'rh': 11}, {'layer': '400mb', 'rh': 9}, {'layer': '350mb', 'rh': 8}, {'layer': '300mb', 'rh': 12}, {'layer': '250mb', 'rh': 3}, {'layer': '200mb', 'rh': 1}]","[{'layer': '950mb', 'direction': 90, 'speed': 5}, {'layer': '900mb', 'direction': 90, 'speed': 5}, {'layer': '850mb', 'direction': 95, 'speed': 5}, {'layer': '800mb', 'direction': 100, 'speed': 5}, {'layer': '750mb', 'direction': 95, 'speed': 4}, {'layer': '700mb', 'direction': 95, 'speed': 3}, {'layer': '650mb', 'direction': 140, 'speed': 2}, {'layer': '600mb', 'direction': 220, 'speed': 3}, {'layer': '550mb', 'direction': 235, 'speed': 3}, {'layer': '500mb', 'direction': 245, 'speed': 4}, {'layer': '450mb', 'direction': 255, 'speed': 4}, {'layer': '400mb', 'direction': 255, 'speed': 4}, {'layer': '350mb', 'direction': 240, 'speed': 5}, {'layer': '300mb', 'direction': 240, 'speed': 5}, {'layer': '250mb', 'direction': 215, 'speed': 5}, {'layer': '200mb', 'direction': 240, 'speed': 5}]",25,-1,11,1009,rain,3,0,90,4,Papua New Guinea
49,90,90,95,100,95,90,140,210,235,250,270,260,245,230,225,245,49,150,3,-9999,-9999,-9999,"[{'layer': '950mb', 'rh': 14}, {'layer': '900mb', 'rh': 13}, {'layer': '850mb', 'rh': 12}, {'layer': '800mb', 'rh': 9}, {'layer': '750mb', 'rh': 6}, {'layer': '700mb', 'rh': 2}, {'layer': '650mb', 'rh': 5}, {'layer': '600mb', 'rh': 11}, {'layer': '550mb', 'rh': 8}, {'layer': '500mb', 'rh': 11}, {'layer': '450mb', 'rh': 11}, {'layer': '400mb', 'rh': 9}, {'layer': '350mb', 'rh': 10}, {'layer': '300mb', 'rh': 5}, {'layer': '250mb', 'rh': 5}, {'layer': '200mb', 'rh': 1}]","[{'layer': '950mb', 'direction': 90, 'speed': 5}, {'layer': '900mb', 'direction': 90, 'speed': 5}, {'layer': '850mb', 'direction': 95, 'speed': 5}, {'layer': '800mb', 'direction': 100, 'speed': 5}, {'layer': '750mb', 'direction': 95, 'speed': 4}, {'layer': '700mb', 'direction': 90, 'speed': 3}, {'layer': '650mb', 'direction': 140, 'speed': 2}, {'layer': '600mb', 'direction': 210, 'speed': 2}, {'layer': '550mb', 'direction': 235, 'speed': 3}, {'layer': '500mb', 'direction': 250, 'speed': 3}, {'layer': '450mb', 'direction': 270, 'speed': 4}, {'layer': '400mb', 'direction': 260, 'speed': 5}, {'layer': '350mb', 'direction': 245, 'speed': 5}, {'layer': '300mb', 'direction': 230, 'speed': 5}, {'layer': '250mb', 'direction': 225, 'speed': 5}, {'layer': '200mb', 'direction': 245, 'speed': 5}]",26,-1,11,1010,rain,3,0,90,4,Papua New Guinea
50,85,90,95,100,100,95,105,230,245,250,260,260,255,245,230,255,50,153,2,-9999,-9999,-9999,"[{'layer': '950mb', 'rh': 14}, {'layer': '900mb', 'rh': 13}, {'layer': '850mb', 'rh': 12}, {'layer': '800mb', 'rh': 10}, {'layer': '750mb', 'rh': 9}, {'layer': '700mb', 'rh': 3}, {'layer': '650mb', 'rh': 6}, {'layer': '600mb', 'rh': 12}, {'layer': '550mb', 'rh': 9}, {'layer': '500mb', 'rh': 10}, {'layer': '450mb', 'rh': 11}, {'layer': '400mb', 'rh': 9}, {'layer': '350mb', 'rh': 12}, {'layer': '300mb', 'rh': 7}, {'layer': '250mb', 'rh': 5}, {'layer': '200mb', 'rh': 3}]","[{'layer': '950mb', 'direction': 85, 'speed': 5}, {'layer': '900mb', 'direction': 90, 'speed': 5}, {'layer': '850mb', 'direction': 95, 'speed': 5}, {'layer': '800mb', 'direction': 100, 'speed': 5}, {'layer': '750mb', 'direction': 100, 'speed': 4}, {'layer': '700mb', 'direction': 95, 'speed': 3}, {'layer': '650mb', 'direction': 105, 'speed': 2}, {'layer': '600mb', 'direction': 230, 'speed': 2}, {'layer': '550mb', 'direction': 245, 'speed': 3}, {'layer': '500mb', 'direction': 250, 'speed': 4}, {'layer': '450mb', 'direction': 260, 'speed': 4}, {'layer': '400mb', 'direction': 260, 'speed': 5}, {'layer': '350mb', 'direction': 255, 'speed': 5}, {'layer': '300mb', 'direction': 245, 'speed': 5}, {'layer': '250mb', 'direction': 230, 'speed': 5}, {'layer': '200mb', 'direction': 255, 'speed': 6}]",26,-1,11,1010,rain,3,0,90,4,Papua New Guinea
51,85,85,90,95,90,90,45,250,245,260,255,265,260,245,235,240,51,156,3,-9999,-9999,-9999,"[{'layer': '950mb', 'rh': 15}, {'layer': '900mb', 'rh': 14}, {'layer': '850mb', 'rh': 13}, {'layer': '800mb', 'rh': 11}, {'layer': '750mb', 'rh': 8}, {'layer': '700mb', 'rh': 5}, {'layer': '650mb', 'rh': 8}, {'layer': '600mb', 'rh': 12}, {'layer': '550mb', 'rh': 13}, {'layer': '500mb', 'rh': 12}, {'layer': '450mb', 'rh': 12}, {'layer': '400mb', 'rh': 9}, {'layer': '350mb', 'rh': 11}, {'layer': '300mb', 'rh': 9}, {'layer': '250mb', 'rh': 5}, {'layer': '200mb', 'rh': 1}]","[{'layer': '950mb', 'direction': 85, 'speed': 4}, {'layer': '900mb', 'direction': 85, 'speed': 5}, {'layer': '850mb', 'direction': 90, 'speed': 5}, {'layer': '800mb', 'direction': 95, 'speed': 5}, {'layer': '750mb', 'direction': 90, 'speed': 4}, {'layer': '700mb', 'direction': 90, 'speed': 3}, {'layer': '650mb', 'direction': 45, 'speed': 2}, {'layer': '600mb', 'direction': 250, 'speed': 2}, {'layer': '550mb', 'direction': 245, 'speed': 3}, {'layer': '500mb', 'direction': 260, 'speed': 3}, {'layer': '450mb', 'direction': 255, 'speed': 4}, {'layer': '400mb', 'direction': 265, 'speed': 5}, {'layer': '350mb', 'direction': 260, 'speed': 5}, {'layer': '300mb', 'direction': 245, 'speed': 5}, {'layer': '250mb', 'direction': 235, 'speed': 5}, {'layer': '200mb', 'direction': 240, 'speed': 6}]",25,-1,11,1008,rain,3,0,90,4,Papua New Guinea
52,90,90,95,95,95,80,30,275,265,270,255,265,265,250,240,240,52,159,4,-9999,-9999,-9999,"[{'layer': '950mb', 'rh': 15}, {'layer': '900mb', 'rh': 13}, {'layer': '850mb', 'rh': 12}, {'layer': '800mb', 'rh': 10}, {'layer': '750mb', 'rh': 8}, {'layer': '700mb', 'rh': 7}, {'layer': '650mb', 'rh': 7}, {'layer': '600mb', 'rh': 12}, {'layer': '550mb', 'rh': 12}, {'layer': '500mb', 'rh': 11}, {'layer': '450mb', 'rh': 12}, {'layer': '400mb', 'rh': 11}, {'layer': '350mb', 'rh': 11}, {'layer': '300mb', 'rh': 12}, {'layer': '250mb', 'rh': 5}, {'layer': '200mb', 'rh': 3}]","[{'layer': '950mb', 'direction': 90, 'speed': 4}, {'layer': '900mb', 'direction': 90, 'speed': 5}, {'layer': '850mb', 'direction': 95, 'speed': 5}, {'layer': '800mb', 'direction': 95, 'speed': 5}, {'layer': '750mb', 'direction': 95, 'speed': 5}, {'layer': '700mb', 'direction': 80, 'speed': 3}, {'layer': '650mb', 'direction': 30, 'speed': 2}, {'layer': '600mb', 'direction': 275, 'speed': 2}, {'layer': '550mb', 'direction': 265, 'speed': 3}, {'layer': '500mb', 'direction': 270, 'speed': 3}, {'layer': '450mb', 'direction': 255, 'speed': 4}, {'layer': '400mb', 'direction': 265, 'speed': 5}, {'layer': '350mb', 'direction': 265, 'speed': 5}, {'layer': '300mb', 'direction': 250, 'speed': 5}, {'layer': '250mb', 'direction': 240, 'speed': 5}, {'layer': '200mb', 'direction': 240, 'speed': 6}]",25,-1,12,1009,rain,3,0,85,4,Papua New Guinea
53,85,85,90,90,90,80,70,245,245,255,260,270,280,270,235,245,53,162,3,-9999,-9999,-9999,"[{'layer': '950mb', 'rh': 15}, {'layer': '900mb', 'rh': 13}, {'layer': '850mb', 'rh': 12}, {'layer': '800mb', 'rh': 9}, {'layer': '750mb', 'rh': 7}, {'layer': '700mb', 'rh': 4}, {'layer': '650mb', 'rh': 6}, {'layer': '600mb', 'rh': 13}, {'layer': '550mb', 'rh': 12}, {'layer': '500mb', 'rh': 12}, {'layer': '450mb', 'rh': 13}, {'layer': '400mb', 'rh': 11}, {'layer': '350mb', 'rh': 10}, {'layer': '300mb', 'rh': 10}, {'layer': '250mb', 'rh': 4}, {'layer': '200mb', 'rh': 1}]","[{'layer': '950mb', 'direction': 85, 'speed': 4}, {'layer': '900mb', 'direction': 85, 'speed': 5}, {'layer': '850mb', 'direction': 90, 'speed': 5}, {'layer': '800mb', 'direction': 90, 'speed': 5}, {'layer': '750mb', 'direction': 90, 'speed': 4}, {'layer': '700mb', 'direction': 80, 'speed': 3}, {'layer': '650mb', 'direction': 70, 'speed': 2}, {'layer': '600mb', 'direction': 245, 'speed': 2}, {'layer': '550mb', 'direction': 245, 'speed': 3}, {'layer': '500mb', 'direction': 255, 'speed': 3}, {'layer': '450mb', 'direction': 260, 'speed': 4}, {'layer': '400mb', 'direction': 270, 'speed': 5}, {'layer': '350mb', 'direction': 280, 'speed': 5}, {'layer': '300mb', 'direction': 270, 'speed': 5}, {'layer': '250mb', 'direction': 235, 'speed': 6}, {'layer': '200mb', 'direction': 245, 'speed': 6}]",25,-1,12,1011,rain,3,0,85,3,Papua New Guinea
54,85,85,85,85,85,75,50,240,235,245,260,275,280,270,240,230,54,165,2,-9999,-9999,-9999,"[{'layer': '950mb', 'rh': 15}, {'layer': '900mb', 'rh': 13}, {'layer': '850mb', 'rh': 13}, {'layer': '800mb', 'rh': 11}, {'layer': '750mb', 'rh': 10}, {'layer': '700mb', 'rh': 4}, {'layer': '650mb', 'rh': 4}, {'layer': '600mb', 'rh': 12}, {'layer': '550mb', 'rh': 11}, {'layer': '500mb', 'rh': 11}, {'layer': '450mb', 'rh': 13}, {'layer': '400mb', 'rh': 11}, {'layer': '350mb', 'rh': 12}, {'layer': '300mb', 'rh': 10}, {'layer': '250mb', 'rh': 1}, {'layer': '200mb', 'rh': 3}]","[{'layer': '950mb', 'direction': 85, 'speed': 4}, {'layer': '900mb', 'direction': 85, 'speed': 4}, {'layer': '850mb', 'direction': 85, 'speed': 5}, {'layer': '800mb', 'direction': 85, 'speed': 5}, {'layer': '750mb', 'direction': 85, 'speed': 4}, {'layer': '700mb', 'direction': 75, 'speed': 3}, {'layer': '650mb', 'direction': 50, 'speed': 2}, {'layer': '600mb', 'direction': 240, 'speed': 2}, {'layer': '550mb', 'direction': 235, 'speed': 3}, {'layer': '500mb', 'direction': 245, 'speed': 4}, {'layer': '450mb', 'direction': 260, 'speed': 5}, {'layer': '400mb', 'direction': 275, 'speed': 5}, {'layer': '350mb', 'direction': 280, 'speed': 6}, {'layer': '300mb', 'direction': 270, 'speed': 5}, {'layer': '250mb', 'direction': 240, 'speed': 6}, {'layer': '200mb', 'direction': 230, 'speed': 6}]",26,-1,11,1010,rain,3,0,90,3,Papua New Guinea
55,85,85,85,85,80,75,55,235,250,255,260,270,275,270,255,235,55,168,4,-9999,-9999,-9999,"[{'layer': '950mb', 'rh': 14}, {'layer': '900mb', 'rh': 13}, {'layer': '850mb', 'rh': 11}, {'layer': '800mb', 'rh': 10}, {'layer': '750mb', 'rh': 9}, {'layer': '700mb', 'rh': 3}, {'layer': '650mb', 'rh': 5}, {'layer': '600mb', 'rh': 12}, {'layer': '550mb', 'rh': 11}, {'layer': '500mb', 'rh': 10}, {'layer': '450mb', 'rh': 12}, {'layer': '400mb', 'rh': 10}, {'layer': '350mb', 'rh': 13}, {'layer': '300mb', 'rh': 16}, {'layer': '250mb', 'rh': 9}, {'layer': '200mb', 'rh': 3}]","[{'layer': '950mb', 'direction': 85, 'speed': 4}, {'layer': '900mb', 'direction': 85, 'speed': 5}, {'layer': '850mb', 'direction': 85, 'speed': 5}, {'layer': '800mb', 'direction': 85, 'speed': 5}, {'layer': '750mb', 'direction': 80, 'speed': 4}, {'layer': '700mb', 'direction': 75, 'speed': 3}, {'layer': '650mb', 'direction': 55, 'speed': 2}, {'layer': '600mb', 'direction': 235, 'speed': 2}, {'layer': '550mb', 'direction': 250, 'speed': 3}, {'layer': '500mb', 'direction': 255, 'speed': 4}, {'layer': '450mb', 'direction': 260, 'speed': 5}, {'layer': '400mb', 'direction': 270, 'speed': 5}, {'layer': '350mb', 'direction': 275, 'speed': 6}, {'layer': '300mb', 'direction': 270, 'speed': 5}, {'layer': '250mb', 'direction': 255, 'speed': 6}, {'layer': '200mb', 'direction': 235, 'speed': 6}]",25,-1,11,1007,rain,3,0,85,3,Papua New Guinea
56,85,90,90,90,90,80,75,220,250,260,260,270,280,275,255,240,56,171,9,-9999,-9999,-9999,"[{'layer': '950mb', 'rh': 14}, {'layer': '900mb', 'rh': 12}, {'layer': '850mb', 'rh': 10}, {'layer': '800mb', 'rh': 8}, {'layer': '750mb', 'rh': 7}, {'layer': '700mb', 'rh': 2}, {'layer': '650mb', 'rh': 2}, {'layer': '600mb', 'rh': 13}, {'layer': '550mb', 'rh': 11}, {'layer': '500mb', 'rh': 8}, {'layer': '450mb', 'rh': 9}, {'layer': '400mb', 'rh': 11}, {'layer': '350mb', 'rh': 10}, {'layer': '300mb', 'rh': 16}, {'layer': '250mb', 'rh': 11}, {'layer': '200mb', 'rh': 0}]","[{'layer': '950mb', 'direction': 85, 'speed': 4}, {'layer': '900mb', 'direction': 90, 'speed': 5}, {'layer': '850mb', 'direction': 90, 'speed': 5}, {'layer': '800mb', 'direction': 90, 'speed': 5}, {'layer': '750mb', 'direction': 90, 'speed': 4}, {'layer': '700mb', 'direction': 80, 'speed': 4}, {'layer': '650mb', 'direction': 75, 'speed': 2}, {'layer': '600mb', 'direction': 220, 'speed': 2}, {'layer': '550mb', 'direction': 250, 'speed': 3}, {'layer': '500mb', 'direction': 260, 'speed': 4}, {'layer': '450mb', 'direction': 260, 'speed': 5}, {'layer': '400mb', 'direction': 270, 'speed': 6}, {'layer': '350mb', 'direction': 280, 'speed': 6}, {'layer': '300mb', 'direction': 275, 'speed': 5}, {'layer': '250mb', 'direction': 255, 'speed': 6}, {'layer': '200mb', 'direction': 240, 'speed': 7}]",26,-1,11,1008,rain,3,0,85,3,Papua New Guinea
57,90,90,95,95,90,85,75,225,250,265,270,280,290,275,265,245,57,174,9,-9999,-9999,-9999,"[{'layer': '950mb', 'rh': 14}, {'layer': '900mb', 'rh': 12}, {'layer': '850mb', 'rh': 10}, {'layer': '800mb', 'rh': 7}, {'layer': '750mb', 'rh': 5}, {'layer': '700mb', 'rh': 1}, {'layer': '650mb', 'rh': 2}, {'layer': '600mb', 'rh': 12}, {'layer': '550mb', 'rh': 10}, {'layer': '500mb', 'rh': 8}, {'layer': '450mb', 'rh': 9}, {'layer': '400mb', 'rh': 10}, {'layer': '350mb', 'rh': 9}, {'layer': '300mb', 'rh': 15}, {'layer': '250mb', 'rh': 14}, {'layer': '200mb', 'rh': -1}]","[{'layer': '950mb', 'direction': 90, 'speed': 4}, {'layer': '900mb', 'direction': 90, 'speed': 5}, {'layer': '850mb', 'direction': 95, 'speed': 5}, {'layer': '800mb', 'direction': 95, 'speed': 5}, {'layer': '750mb', 'direction': 90, 'speed': 5}, {'layer': '700mb', 'direction': 85, 'speed': 4}, {'layer': '650mb', 'direction': 75, 'speed': 2}, {'layer': '600mb', 'direction': 225, 'speed': 2}, {'layer': '550mb', 'direction': 250, 'speed': 3}, {'layer': '500mb', 'direction': 265, 'speed': 4}, {'layer': '450mb', 'direction': 270, 'speed': 5}, {'layer': '400mb', 'direction': 280, 'speed': 6}, {'layer': '350mb', 'direction': 290, 'speed': 6}, {'layer': '300mb', 'direction': 275, 'speed': 6}, {'layer': '250mb', 'direction': 265, 'speed': 6}, {'layer': '200mb', 'direction': 245, 'speed': 6}]",26,-1,12,1010,rain,3,0,95,3,Papua New Guinea
58,90,90,85,90,90,85,85,225,260,275,280,285,285,275,255,250,58,177,7,-9999,-9999,-9999,"[{'layer': '950mb', 'rh': 14}, {'layer': '900mb', 'rh': 12}, {'layer': '850mb', 'rh': 9}, {'layer': '800mb', 'rh': 5}, {'layer': '750mb', 'rh': 3}, {'layer': '700mb', 'rh': 0}, {'layer': '650mb', 'rh': 1}, {'layer': '600mb', 'rh': 12}, {'layer': '550mb', 'rh': 10}, {'layer': '500mb', 'rh': 11}, {'layer': '450mb', 'rh': 9}, {'layer': '400mb', 'rh': 11}, {'layer': '350mb', 'rh': 11}, {'layer': '300mb', 'rh': 11}, {'layer': '250mb', 'rh': 13}, {'layer': '200mb', 'rh': 0}]","[{'layer': '950mb', 'direction': 90, 'speed': 4}, {'layer': '900mb', 'direction': 90, 'speed': 5}, {'layer': '850mb', 'direction': 85, 'speed': 5}, {'layer': '800mb', 'direction': 90, 'speed': 5}, {'layer': '750mb', 'direction': 90, 'speed': 5}, {'layer': '700mb', 'direction': 85, 'speed': 4}, {'layer': '650mb', 'direction': 85, 'speed': 3}, {'layer': '600mb', 'direction': 225, 'speed': 2}, {'layer': '550mb', 'direction': 260, 'speed': 3}, {'layer': '500mb', 'direction': 275, 'speed': 4}, {'layer': '450mb', 'direction': 280, 'speed': 5}, {'layer': '400mb', 'direction': 285, 'speed': 6}, {'layer': '350mb', 'direction': 285, 'speed': 6}, {'layer': '300mb', 'direction': 275, 'speed': 6}, {'layer': '250mb', 'direction': 255, 'speed': 6}, {'layer': '200mb', 'direction': 250, 'speed': 6}]",26,-1,11,1010,rain,3,0,95,3,Papua New Guinea
59,85,85,85,90,90,85,75,250,260,270,285,285,280,270,255,250,59,180,7,-9999,-9999,-9999,"[{'layer': '950mb', 'rh': 14}, {'layer': '900mb', 'rh': 13}, {'layer': '850mb', 'rh': 11}, {'layer': '800mb', 'rh': 10}, {'layer': '750mb', 'rh': 7}, {'layer': '700mb', 'rh': 3}, {'layer': '650mb', 'rh': 1}, {'layer': '600mb', 'rh': 12}, {'layer': '550mb', 'rh': 10}, {'layer': '500mb', 'rh': 13}, {'layer': '450mb', 'rh': 11}, {'layer': '400mb', 'rh': 13}, {'layer': '350mb', 'rh': 14}, {'layer': '300mb', 'rh': 11}, {'layer': '250mb', 'rh': 6}, {'layer': '200mb', 'rh': 1}]","[{'layer': '950mb', 'direction': 85, 'speed': 4}, {'layer': '900mb', 'direction': 85, 'speed': 4}, {'layer': '850mb', 'direction': 85, 'speed': 5}, {'layer': '800mb', 'direction': 90, 'speed': 5}, {'layer': '750mb', 'direction': 90, 'speed': 5}, {'layer': '700mb', 'direction': 85, 'speed': 4}, {'layer': '650mb', 'direction': 75, 'speed': 3}, {'layer': '600mb', 'direction': 250, 'speed': 2}, {'layer': '550mb', 'direction': 260, 'speed': 3}, {'layer': '500mb', 'direction': 270, 'speed': 4}, {'layer': '450mb', 'direction': 285, 'speed': 5}, {'layer': '400mb', 'direction': 285, 'speed': 5}, {'layer': '350mb', 'direction': 280, 'speed': 6}, {'layer': '300mb', 'direction': 270, 'speed': 6}, {'layer': '250mb', 'direction': 255, 'speed': 6}, {'layer': '200mb', 'direction': 250, 'speed': 6}]",25,-4,11,1008,rain,3,0,90,3,Papua New Guinea
60,85,80,85,90,95,90,75,255,260,270,285,280,275,275,255,255,60,183,8,-9999,-9999,-9999,"[{'layer': '950mb', 'rh': 14}, {'layer': '900mb', 'rh': 13}, {'layer': '850mb', 'rh': 12}, {'layer': '800mb', 'rh': 10}, {'layer': '750mb', 'rh': 8}, {'layer': '700mb', 'rh': 5}, {'layer': '650mb', 'rh': 2}, {'layer': '600mb', 'rh': 12}, {'layer': '550mb', 'rh': 12}, {'layer': '500mb', 'rh': 15}, {'layer': '450mb', 'rh': 10}, {'layer': '400mb', 'rh': 15}, {'layer': '350mb', 'rh': 13}, {'layer': '300mb', 'rh': 8}, {'layer': '250mb', 'rh': 6}, {'layer': '200mb', 'rh': 0}]","[{'layer': '950mb', 'direction': 85, 'speed': 4}, {'layer': '900mb', 'direction': 80, 'speed': 4}, {'layer': '850mb', 'direction': 85, 'speed': 5}, {'layer': '800mb', 'direction': 90, 'speed': 5}, {'layer': '750mb', 'direction': 95, 'speed': 5}, {'layer': '700mb', 'direction': 90, 'speed': 4}, {'layer': '650mb', 'direction': 75, 'speed': 3}, {'layer': '600mb', 'direction': 255, 'speed': 2}, {'layer': '550mb', 'direction': 260, 'speed': 3}, {'layer': '500mb', 'direction': 270, 'speed': 3}, {'layer': '450mb', 'direction': 285, 'speed': 5}, {'layer': '400mb', 'direction': 280, 'speed': 5}, {'layer': '350mb', 'direction': 275, 'speed': 5}, {'layer': '300mb', 'direction': 275, 'speed': 6}, {'layer': '250mb', 'direction': 255, 'speed': 6}, {'layer': '200mb', 'direction': 255, 'speed': 7}]",25,-4,11,1009,rain,3,0,85,3,Papua New Guinea
61,80,90,95,95,95,90,70,290,275,285,280,270,270,275,255,250,61,186,8,-9999,-9999,-9999,"[{'layer': '950mb', 'rh': 14}, {'layer': '900mb', 'rh': 13}, {'layer': '850mb', 'rh': 10}, {'layer': '800mb', 'rh': 7}, {'layer': '750mb', 'rh': 3}, {'layer': '700mb', 'rh': 0}, {'layer': '650mb', 'rh': 2}, {'layer': '600mb', 'rh': 11}, {'layer': '550mb', 'rh': 12}, {'layer': '500mb', 'rh': 14}, {'layer': '450mb', 'rh': 13}, {'layer': '400mb', 'rh': 14}, {'layer': '350mb', 'rh': 10}, {'layer': '300mb', 'rh': 7}, {'layer': '250mb', 'rh': 7}, {'layer': '200mb', 'rh': 0}]","[{'layer': '950mb', 'direction': 80, 'speed': 4}, {'layer': '900mb', 'direction': 90, 'speed': 4}, {'layer': '850mb', 'direction': 95, 'speed': 5}, {'layer': '800mb', 'direction': 95, 'speed': 5}, {'layer': '750mb', 'direction': 95, 'speed': 5}, {'layer': '700mb', 'direction': 90, 'speed': 4}, {'layer': '650mb', 'direction': 70, 'speed': 3}, {'layer': '600mb', 'direction': 290, 'speed': 2}, {'layer': '550mb', 'direction': 275, 'speed': 3}, {'layer': '500mb', 'direction': 285, 'speed': 4}, {'layer': '450mb', 'direction': 280, 'speed': 5}, {'layer': '400mb', 'direction': 270, 'speed': 5}, {'layer': '350mb', 'direction': 270, 'speed': 5}, {'layer': '300mb', 'direction': 275, 'speed': 6}, {'layer': '250mb', 'direction': 255, 'speed': 6}, {'layer': '200mb', 'direction': 250, 'speed': 6}]",26,-4,11,1010,rain,3,0,85,3,Papua New Guinea
62,75,85,95,100,100,90,75,300,290,290,280,275,275,270,260,260,62,189,6,-9999,-9999,-9999,"[{'layer': '950mb', 'rh': 13}, {'layer': '900mb', 'rh': 14}, {'layer': '850mb', 'rh': 7}, {'layer': '800mb', 'rh': 4}, {'layer': '750mb', 'rh': 3}, {'layer': '700mb', 'rh': 0}, {'layer': '650mb', 'rh': 1}, {'layer': '600mb', 'rh': 10}, {'layer': '550mb', 'rh': 11}, {'layer': '500mb', 'rh': 12}, {'layer': '450mb', 'rh': 14}, {'layer': '400mb', 'rh': 13}, {'layer': '350mb', 'rh': 8}, {'layer': '300mb', 'rh': 8}, {'layer': '250mb', 'rh': 8}, {'layer': '200mb', 'rh': 0}]","[{'layer': '950mb', 'direction': 75, 'speed': 4}, {'layer': '900mb', 'direction': 85, 'speed': 4}, {'layer': '850mb', 'direction': 95, 'speed': 5}, {'layer': '800mb', 'direction': 100, 'speed': 5}, {'layer': '750mb', 'direction': 100, 'speed': 5}, {'layer': '700mb', 'direction': 90, 'speed': 4}, {'layer': '650mb', 'direction': 75, 'speed': 3}, {'layer': '600mb', 'direction': 300, 'speed': 2}, {'layer': '550mb', 'direction': 290, 'speed': 3}, {'layer': '500mb', 'direction': 290, 'speed': 5}, {'layer': '450mb', 'direction': 280, 'speed': 5}, {'layer': '400mb', 'direction': 275, 'speed': 5}, {'layer': '350mb', 'direction': 275, 'speed': 6}, {'layer': '300mb', 'direction': 270, 'speed': 6}, {'layer': '250mb', 'direction': 260, 'speed': 6}, {'layer': '200mb', 'direction': 260, 'speed': 6}]",26,-1,10,1009,rain,3,0,75,4,Papua New Guinea
63,75,80,95,100,95,95,90,260,285,290,280,280,280,275,260,265,63,192,4,-9999,-9999,-9999,"[{'layer': '950mb', 'rh': 12}, {'layer': '900mb', 'rh': 10}, {'layer': '850mb', 'rh': 3}, {'layer': '800mb', 'rh': 0}, {'layer': '750mb', 'rh': 0}, {'layer': '700mb', 'rh': 0}, {'layer': '650mb', 'rh': 1}, {'layer': '600mb', 'rh': 10}, {'layer': '550mb', 'rh': 12}, {'layer': '500mb', 'rh': 10}, {'layer': '450mb', 'rh': 12}, {'layer': '400mb', 'rh': 12}, {'layer': '350mb', 'rh': 10}, {'layer': '300mb', 'rh': 6}, {'layer': '250mb', 'rh': 8}, {'layer': '200mb', 'rh': -1}]","[{'layer': '950mb', 'direction': 75, 'speed': 4}, {'layer': '900mb', 'direction': 80, 'speed': 4}, {'layer': '850mb', 'direction': 95, 'speed': 5}, {'layer': '800mb', 'direction': 100, 'speed': 5}, {'layer': '750mb', 'direction': 95, 'speed': 5}, {'layer': '700mb', 'direction': 95, 'speed': 4}, {'layer': '650mb', 'direction': 90, 'speed': 3}, {'layer': '600mb', 'direction': 260, 'speed': 2}, {'layer': '550mb', 'direction': 285, 'speed': 3}, {'layer': '500mb', 'direction': 290, 'speed': 5}, {'layer': '450mb', 'direction': 280, 'speed': 5}, {'layer': '400mb', 'direction': 280, 'speed': 5}, {'layer': '350mb', 'direction': 280, 'speed': 6}, {'layer': '300mb', 'direction': 275, 'speed': 6}, {'layer': '250mb', 'direction': 260, 'speed': 6}, {'layer': '200mb', 'direction': 265, 'speed': 7}]",26,-1,10,1007,rain,3,0,70,3,Papua New Guinea
