,rh_950mb,rh_900mb,rh_850mb,rh_800mb,rh_750mb,rh_700mb,rh_650mb,rh_600mb,rh_550mb,rh_500mb,rh_450mb,rh_400mb,rh_350mb,rh_300mb,rh_250mb,rh_200mb,Unnamed: 0.1,wind_dir_950mb,wind_dir_900mb,wind_dir_850mb,wind_dir_800mb,wind_dir_750mb,wind_dir_700mb,wind_dir_650mb,wind_dir_600mb,wind_dir_550mb,wind_dir_500mb,wind_dir_450mb,wind_dir_400mb,wind_dir_350mb,wind_dir_300mb,wind_dir_250mb,wind_dir_200mb,Unnamed: 0,timepoint,cloudcover,highcloud,midcloud,lowcloud,rh_profile,wind_profile,temp2m,lifted_index,rh2m,msl_pressure,prec_type,prec_amount,snow_depth,wind10m.direction,wind10m.speed,pais
0,14,10,7,8,6,-1,-3,-2,-4,-4,-3,-2,-1,-2,-2,-1,0,100,90,85,80,80,85,75,20,295,300,300,265,140,185,150,220,0,3,1,-9999,-9999,-9999,"[{'layer': '950mb', 'rh': 14}, {'layer': '900mb', 'rh': 10}, {'layer': '850mb', 'rh': 7}, {'layer': '800mb', 'rh': 8}, {'layer': '750mb', 'rh': 6}, {'layer': '700mb', 'rh': -1}, {'layer': '650mb', 'rh': -3}, {'layer': '600mb', 'rh': -2}, {'layer': '550mb', 'rh': -4}, {'layer': '500mb', 'rh': -4}, {'layer': '450mb', 'rh': -3}, {'layer': '400mb', 'rh': -2}, {'layer': '350mb', 'rh': -1}, {'layer': '300mb', 'rh': -2}, {'layer': '250mb', 'rh': -2}, {'layer': '200mb', 'rh': -1}]","[{'layer': '950mb', 'direction': 100, 'speed': 3}, {'layer': '900mb', 'direction': 90, 'speed': 3}, {'layer': '850mb', 'direction': 85, 'speed': 4}, {'layer': '800mb', 'direction': 80, 'speed': 4}, {'layer': '750mb', 'direction': 80, 'speed': 4}, {'layer': '700mb', 'direction': 85, 'speed': 3}, {'layer': '650mb', 'direction': 75, 'speed': 3}, {'layer': '600mb', 'direction': 20, 'speed': 2}, {'layer': '550mb', 'direction': 295, 'speed': 3}, {'layer': '500mb', 'direction': 300, 'speed': 4}, {'layer': '450mb', 'direction': 300, 'speed': 3}, {'layer': '400mb', 'direction': 265, 'speed': 3}, {'layer': '350mb', 'direction': 140, 'speed': 2}, {'layer': '300mb', 'direction': 185, 'speed': 2}, {'layer': '250mb', 'direction': 150, 'speed': 5}, {'layer': '200mb', 'direction': 220, 'speed': 3}]",25,2,11,1011,none,0,0,115,3,Papua New Guinea
1,14,14,7,8,5,-1,-3,-3,-4,-4,-2,-2,-1,-3,-1,-1,1,100,95,85,80,75,80,70,345,280,290,295,275,30,225,165,250,1,6,1,-9999,-9999,-9999,"[{'layer': '950mb', 'rh': 14}, {'layer': '900mb', 'rh': 14}, {'layer': '850mb', 'rh': 7}, {'layer': '800mb', 'rh': 8}, {'layer': '750mb', 'rh': 5}, {'layer': '700mb', 'rh': -1}, {'layer': '650mb', 'rh': -3}, {'layer': '600mb', 'rh': -3}, {'layer': '550mb', 'rh': -4}, {'layer': '500mb', 'rh': -4}, {'layer': '450mb', 'rh': -2}, {'layer': '400mb', 'rh': -2}, {'layer': '350mb', 'rh': -1}, {'layer': '300mb', 'rh': -3}, {'layer': '250mb', 'rh': -1}, {'layer': '200mb', 'rh': -1}]","[{'layer': '950mb', 'direction': 100, 'speed': 3}, {'layer': '900mb', 'direction': 95, 'speed': 4}, {'layer': '850mb', 'direction': 85, 'speed': 4}, {'layer': '800mb', 'direction': 80, 'speed': 4}, {'layer': '750mb', 'direction': 75, 'speed': 4}, {'layer': '700mb', 'direction': 80, 'speed': 3}, {'layer': '650mb', 'direction': 70, 'speed': 3}, {'layer': '600mb', 'direction': 345, 'speed': 2}, {'layer': '550mb', 'direction': 280, 'speed': 3}, {'layer': '500mb', 'direction': 290, 'speed': 4}, {'layer': '450mb', 'direction': 295, 'speed': 3}, {'layer': '400mb', 'direction': 275, 'speed': 3}, {'layer': '350mb', 'direction': 30, 'speed': 2}, {'layer': '300mb', 'direction': 225, 'speed': 3}, {'layer': '250mb', 'direction': 165, 'speed': 4}, {'layer': '200mb', 'direction': 250, 'speed': 2}]",26,2,11,1013,none,1,0,100,3,Papua New Guinea
2,14,12,6,6,2,-2,-3,-3,-4,-4,-2,-2,-1,-3,-1,-2,2,90,90,85,80,75,75,55,340,285,290,290,285,330,210,155,295,2,9,1,-9999,-9999,-9999,"[{'layer': '950mb', 'rh': 14}, {'layer': '900mb', 'rh': 12}, {'layer': '850mb', 'rh': 6}, {'layer': '800mb', 'rh': 6}, {'layer': '750mb', 'rh': 2}, {'layer': '700mb', 'rh': -2}, {'layer': '650mb', 'rh': -3}, {'layer': '600mb', 'rh': -3}, {'layer': '550mb', 'rh': -4}, {'layer': '500mb', 'rh': -4}, {'layer': '450mb', 'rh': -2}, {'layer': '400mb', 'rh': -2}, {'layer': '350mb', 'rh': -1}, {'layer': '300mb', 'rh': -3}, {'layer': '250mb', 'rh': -1}, {'layer': '200mb', 'rh': -2}]","[{'layer': '950mb', 'direction': 90, 'speed': 3}, {'layer': '900mb', 'direction': 90, 'speed': 4}, {'layer': '850mb', 'direction': 85, 'speed': 4}, {'layer': '800mb', 'direction': 80, 'speed': 4}, {'layer': '750mb', 'direction': 75, 'speed': 3}, {'layer': '700mb', 'direction': 75, 'speed': 3}, {'layer': '650mb', 'direction': 55, 'speed': 3}, {'layer': '600mb', 'direction': 340, 'speed': 2}, {'layer': '550mb', 'direction': 285, 'speed': 3}, {'layer': '500mb', 'direction': 290, 'speed': 3}, {'layer': '450mb', 'direction': 290, 'speed': 3}, {'layer': '400mb', 'direction': 285, 'speed': 3}, {'layer': '350mb', 'direction': 330, 'speed': 3}, {'layer': '300mb', 'direction': 210, 'speed': 2}, {'layer': '250mb', 'direction': 155, 'speed': 3}, {'layer': '200mb', 'direction': 295, 'speed': 3}]",26,2,11,1011,none,1,0,90,3,Papua New Guinea
3,14,12,6,6,1,-3,-2,-3,-4,-4,-3,-2,-1,-3,-2,-2,3,90,85,85,70,65,65,30,320,280,275,280,270,315,195,150,315,3,12,1,-9999,-9999,-9999,"[{'layer': '950mb', 'rh': 14}, {'layer': '900mb', 'rh': 12}, {'layer': '850mb', 'rh': 6}, {'layer': '800mb', 'rh': 6}, {'layer': '750mb', 'rh': 1}, {'layer': '700mb', 'rh': -3}, {'layer': '650mb', 'rh': -2}, {'layer': '600mb', 'rh': -3}, {'layer': '550mb', 'rh': -4}, {'layer': '500mb', 'rh': -4}, {'layer': '450mb', 'rh': -3}, {'layer': '400mb', 'rh': -2}, {'layer': '350mb', 'rh': -1}, {'layer': '300mb', 'rh': -3}, {'layer': '250mb', 'rh': -2}, {'layer': '200mb', 'rh': -2}]","[{'layer': '950mb', 'direction': 90, 'speed': 3}, {'layer': '900mb', 'direction': 85, 'speed': 3}, {'layer': '850mb', 'direction': 85, 'speed': 4}, {'layer': '800mb', 'direction': 70, 'speed': 4}, {'layer': '750mb', 'direction': 65, 'speed': 3}, {'layer': '700mb', 'direction': 65, 'speed': 3}, {'layer': '650mb', 'direction': 30, 'speed': 2}, {'layer': '600mb', 'direction': 320, 'speed': 3}, {'layer': '550mb', 'direction': 280, 'speed': 3}, {'layer': '500mb', 'direction': 275, 'speed': 3}, {'layer': '450mb', 'direction': 280, 'speed': 3}, {'layer': '400mb', 'direction': 270, 'speed': 3}, {'layer': '350mb', 'direction': 315, 'speed': 3}, {'layer': '300mb', 'direction': 195, 'speed': 2}, {'layer': '250mb', 'direction': 150, 'speed': 3}, {'layer': '200mb', 'direction': 315, 'speed': 5}]",26,-1,11,1008,none,1,0,85,3,Papua New Guinea
4,14,13,8,6,1,-3,-2,-3,-4,-4,-3,-3,-1,-2,-1,-2,4,80,85,80,70,65,70,30,300,275,270,275,280,290,180,155,305,4,15,1,-9999,-9999,-9999,"[{'layer': '950mb', 'rh': 14}, {'layer': '900mb', 'rh': 13}, {'layer': '850mb', 'rh': 8}, {'layer': '800mb', 'rh': 6}, {'layer': '750mb', 'rh': 1}, {'layer': '700mb', 'rh': -3}, {'layer': '650mb', 'rh': -2}, {'layer': '600mb', 'rh': -3}, {'layer': '550mb', 'rh': -4}, {'layer': '500mb', 'rh': -4}, {'layer': '450mb', 'rh': -3}, {'layer': '400mb', 'rh': -3}, {'layer': '350mb', 'rh': -1}, {'layer': '300mb', 'rh': -2}, {'layer': '250mb', 'rh': -1}, {'layer': '200mb', 'rh': -2}]","[{'layer': '950mb', 'direction': 80, 'speed': 3}, {'layer': '900mb', 'direction': 85, 'speed': 4}, {'layer': '850mb', 'direction': 80, 'speed': 4}, {'layer': '800mb', 'direction': 70, 'speed': 4}, {'layer': '750mb', 'direction': 65, 'speed': 3}, {'layer': '700mb', 'direction': 70, 'speed': 3}, {'layer': '650mb', 'direction': 30, 'speed': 2}, {'layer': '600mb', 'direction': 300, 'speed': 3}, {'layer': '550mb', 'direction': 275, 'speed': 3}, {'layer': '500mb', 'direction': 270, 'speed': 3}, {'layer': '450mb', 'direction': 275, 'speed': 4}, {'layer': '400mb', 'direction': 280, 'speed': 5}, {'layer': '350mb', 'direction': 290, 'speed': 3}, {'layer': '300mb', 'direction': 180, 'speed': 2}, {'layer': '250mb', 'direction': 155, 'speed': 3}, {'layer': '200mb', 'direction': 305, 'speed': 5}]",26,2,11,1008,none,1,0,85,3,Papua New Guinea
5,13,10,9,6,2,-3,-3,-4,-4,-4,-3,-3,-2,-2,2,-1,5,80,75,75,80,75,70,10,305,290,280,275,270,285,195,135,310,5,18,1,-9999,-9999,-9999,"[{'layer': '950mb', 'rh': 13}, {'layer': '900mb', 'rh': 10}, {'layer': '850mb', 'rh': 9}, {'layer': '800mb', 'rh': 6}, {'layer': '750mb', 'rh': 2}, {'layer': '700mb', 'rh': -3}, {'layer': '650mb', 'rh': -3}, {'layer': '600mb', 'rh': -4}, {'layer': '550mb', 'rh': -4}, {'layer': '500mb', 'rh': -4}, {'layer': '450mb', 'rh': -3}, {'layer': '400mb', 'rh': -3}, {'layer': '350mb', 'rh': -2}, {'layer': '300mb', 'rh': -2}, {'layer': '250mb', 'rh': 2}, {'layer': '200mb', 'rh': -1}]","[{'layer': '950mb', 'direction': 80, 'speed': 4}, {'layer': '900mb', 'direction': 75, 'speed': 4}, {'layer': '850mb', 'direction': 75, 'speed': 4}, {'layer': '800mb', 'direction': 80, 'speed': 4}, {'layer': '750mb', 'direction': 75, 'speed': 3}, {'layer': '700mb', 'direction': 70, 'speed': 3}, {'layer': '650mb', 'direction': 10, 'speed': 2}, {'layer': '600mb', 'direction': 305, 'speed': 3}, {'layer': '550mb', 'direction': 290, 'speed': 3}, {'layer': '500mb', 'direction': 280, 'speed': 3}, {'layer': '450mb', 'direction': 275, 'speed': 4}, {'layer': '400mb', 'direction': 270, 'speed': 4}, {'layer': '350mb', 'direction': 285, 'speed': 3}, {'layer': '300mb', 'direction': 195, 'speed': 2}, {'layer': '250mb', 'direction': 135, 'speed': 2}, {'layer': '200mb', 'direction': 310, 'speed': 5}]",26,2,11,1011,none,1,0,85,3,Papua New Guinea
6,11,12,12,6,2,-3,-3,-4,-4,-4,-3,-3,-2,-2,0,0,6,85,70,75,80,75,70,340,305,300,285,275,265,290,210,335,295,6,21,2,-9999,-9999,-9999,"[{'layer': '950mb', 'rh': 11}, {'layer': '900mb', 'rh': 12}, {'layer': '850mb', 'rh': 12}, {'layer': '800mb', 'rh': 6}, {'layer': '750mb', 'rh': 2}, {'layer': '700mb', 'rh': -3}, {'layer': '650mb', 'rh': -3}, {'layer': '600mb', 'rh': -4}, {'layer': '550mb', 'rh': -4}, {'layer': '500mb', 'rh': -4}, {'layer': '450mb', 'rh': -3}, {'layer': '400mb', 'rh': -3}, {'layer': '350mb', 'rh': -2}, {'layer': '300mb', 'rh': -2}, {'layer': '250mb', 'rh': 0}, {'layer': '200mb', 'rh': 0}]","[{'layer': '950mb', 'direction': 85, 'speed': 4}, {'layer': '900mb', 'direction': 70, 'speed': 4}, {'layer': '850mb', 'direction': 75, 'speed': 4}, {'layer': '800mb', 'direction': 80, 'speed': 4}, {'layer': '750mb', 'direction': 75, 'speed': 3}, {'layer': '700mb', 'direction': 70, 'speed': 2}, {'layer': '650mb', 'direction': 340, 'speed': 2}, {'layer': '600mb', 'direction': 305, 'speed': 3}, {'layer': '550mb', 'direction': 300, 'speed': 3}, {'layer': '500mb', 'direction': 285, 'speed': 3}, {'layer': '450mb', 'direction': 275, 'speed': 4}, {'layer': '400mb', 'direction': 265, 'speed': 4}, {'layer': '350mb', 'direction': 290, 'speed': 2}, {'layer': '300mb', 'direction': 210, 'speed': 2}, {'layer': '250mb', 'direction': 335, 'speed': 2}, {'layer': '200mb', 'direction': 295, 'speed': 6}]",26,-1,11,1011,none,1,0,95,3,Papua New Guinea
7,14,11,12,11,2,-2,-3,-4,-3,-4,-3,-3,-3,-2,-2,1,7,90,75,75,75,80,70,325,300,300,290,275,270,270,270,315,290,7,24,3,-9999,-9999,-9999,"[{'layer': '950mb', 'rh': 14}, {'layer': '900mb', 'rh': 11}, {'layer': '850mb', 'rh': 12}, {'layer': '800mb', 'rh': 11}, {'layer': '750mb', 'rh': 2}, {'layer': '700mb', 'rh': -2}, {'layer': '650mb', 'rh': -3}, {'layer': '600mb', 'rh': -4}, {'layer': '550mb', 'rh': -3}, {'layer': '500mb', 'rh': -4}, {'layer': '450mb', 'rh': -3}, {'layer': '400mb', 'rh': -3}, {'layer': '350mb', 'rh': -3}, {'layer': '300mb', 'rh': -2}, {'layer': '250mb', 'rh': -2}, {'layer': '200mb', 'rh': 1}]","[{'layer': '950mb', 'direction': 90, 'speed': 4}, {'layer': '900mb', 'direction': 75, 'speed': 4}, {'layer': '850mb', 'direction': 75, 'speed': 4}, {'layer': '800mb', 'direction': 75, 'speed': 4}, {'layer': '750mb', 'direction': 80, 'speed': 3}, {'layer': '700mb', 'direction': 70, 'speed': 3}, {'layer': '650mb', 'direction': 325, 'speed': 2}, {'layer': '600mb', 'direction': 300, 'speed': 3}, {'layer': '550mb', 'direction': 300, 'speed': 3}, {'layer': '500mb', 'direction': 290, 'speed': 3}, {'layer': '450mb', 'direction': 275, 'speed': 4}, {'layer': '400mb', 'direction': 270, 'speed': 4}, {'layer': '350mb', 'direction': 270, 'speed': 2}, {'layer': '300mb', 'direction': 270, 'speed': 2}, {'layer': '250mb', 'direction': 315, 'speed': 2}, {'layer': '200mb', 'direction': 290, 'speed': 6}]",26,-1,11,1008,none,1,0,95,3,Papua New Guinea
8,14,9,8,5,2,-1,-3,-4,-3,-4,-3,-3,-3,-3,-2,0,8,85,75,80,85,70,65,75,285,275,275,280,275,275,275,270,290,8,27,7,-9999,-9999,-9999,"[{'layer': '950mb', 'rh': 14}, {'layer': '900mb', 'rh': 9}, {'layer': '850mb', 'rh': 8}, {'layer': '800mb', 'rh': 5}, {'layer': '750mb', 'rh': 2}, {'layer': '700mb', 'rh': -1}, {'layer': '650mb', 'rh': -3}, {'layer': '600mb', 'rh': -4}, {'layer': '550mb', 'rh': -3}, {'layer': '500mb', 'rh': -4}, {'layer': '450mb', 'rh': -3}, {'layer': '400mb', 'rh': -3}, {'layer': '350mb', 'rh': -3}, {'layer': '300mb', 'rh': -3}, {'layer': '250mb', 'rh': -2}, {'layer': '200mb', 'rh': 0}]","[{'layer': '950mb', 'direction': 85, 'speed': 3}, {'layer': '900mb', 'direction': 75, 'speed': 4}, {'layer': '850mb', 'direction': 80, 'speed': 4}, {'layer': '800mb', 'direction': 85, 'speed': 4}, {'layer': '750mb', 'direction': 70, 'speed': 3}, {'layer': '700mb', 'direction': 65, 'speed': 3}, {'layer': '650mb', 'direction': 75, 'speed': 2}, {'layer': '600mb', 'direction': 285, 'speed': 2}, {'layer': '550mb', 'direction': 275, 'speed': 3}, {'layer': '500mb', 'direction': 275, 'speed': 3}, {'layer': '450mb', 'direction': 280, 'speed': 5}, {'layer': '400mb', 'direction': 275, 'speed': 4}, {'layer': '350mb', 'direction': 275, 'speed': 2}, {'layer': '300mb', 'direction': 275, 'speed': 3}, {'layer': '250mb', 'direction': 270, 'speed': 3}, {'layer': '200mb', 'direction': 290, 'speed': 6}]",25,2,11,1010,none,1,0,95,3,Papua New Guinea
9,14,10,8,4,2,-1,-3,-4,-2,-3,-3,-3,-3,-3,0,1,9,75,80,80,80,80,95,160,250,275,285,280,280,295,305,240,290,9,30,4,-9999,-9999,-9999,"[{'layer': '950mb', 'rh': 14}, {'layer': '900mb', 'rh': 10}, {'layer': '850mb', 'rh': 8}, {'layer': '800mb', 'rh': 4}, {'layer': '750mb', 'rh': 2}, {'layer': '700mb', 'rh': -1}, {'layer': '650mb', 'rh': -3}, {'layer': '600mb', 'rh': -4}, {'layer': '550mb', 'rh': -2}, {'layer': '500mb', 'rh': -3}, {'layer': '450mb', 'rh': -3}, {'layer': '400mb', 'rh': -3}, {'layer': '350mb', 'rh': -3}, {'layer': '300mb', 'rh': -3}, {'layer': '250mb', 'rh': 0}, {'layer': '200mb', 'rh': 1}]","[{'layer': '950mb', 'direction': 75, 'speed': 3}, {'layer': '900mb', 'direction': 80, 'speed': 4}, {'layer': '850mb', 'direction': 80, 'speed': 4}, {'layer': '800mb', 'direction': 80, 'speed': 4}, {'layer': '750mb', 'direction': 80, 'speed': 3}, {'layer': '700mb', 'direction': 95, 'speed': 3}, {'layer': '650mb', 'direction': 160, 'speed': 2}, {'layer': '600mb', 'direction': 250, 'speed': 2}, {'layer': '550mb', 'direction': 275, 'speed': 3}, {'layer': '500mb', 'direction': 285, 'speed': 3}, {'layer': '450mb', 'direction': 280, 'speed': 5}, {'layer': '400mb', 'direction': 280, 'speed': 3}, {'layer': '350mb', 'direction': 295, 'speed': 3}, {'layer': '300mb', 'direction': 305, 'speed': 3}, {'layer': '250mb', 'direction': 240, 'speed': 2}, {'layer': '200mb', 'direction': 290, 'speed': 6}]",26,-1,11,1012,none,1,0,80,3,Papua New Guinea
10,14,9,7,4,1,-2,-3,-4,-3,-3,-3,-3,-4,-3,0,2,10,70,75,80,80,80,90,150,225,265,285,270,305,305,290,230,280,10,33,4,-9999,-9999,-9999,"[{'layer': '950mb', 'rh': 14}, {'layer': '900mb', 'rh': 9}, {'layer': '850mb', 'rh': 7}, {'layer': '800mb', 'rh': 4}, {'layer': '750mb', 'rh': 1}, {'layer': '700mb', 'rh': -2}, {'layer': '650mb', 'rh': -3}, {'layer': '600mb', 'rh': -4}, {'layer': '550mb', 'rh': -3}, {'layer': '500mb', 'rh': -3}, {'layer': '450mb', 'rh': -3}, {'layer': '400mb', 'rh': -3}, {'layer': '350mb', 'rh': -4}, {'layer': '300mb', 'rh': -3}, {'layer': '250mb', 'rh': 0}, {'layer': '200mb', 'rh': 2}]","[{'layer': '950mb', 'direction': 70, 'speed': 3}, {'layer': '900mb', 'direction': 75, 'speed': 4}, {'layer': '850mb', 'direction': 80, 'speed': 4}, {'layer': '800mb', 'direction': 80, 'speed': 4}, {'layer': '750mb', 'direction': 80, 'speed': 3}, {'layer': '700mb', 'direction': 90, 'speed': 3}, {'layer': '650mb', 'direction': 150, 'speed': 2}, {'layer': '600mb', 'direction': 225, 'speed': 2}, {'layer': '550mb', 'direction': 265, 'speed': 3}, {'layer': '500mb', 'direction': 285, 'speed': 3}, {'layer': '450mb', 'direction': 270, 'speed': 4}, {'layer': '400mb', 'direction': 305, 'speed': 3}, {'layer': '350mb', 'direction': 305, 'speed': 4}, {'layer': '300mb', 'direction': 290, 'speed': 3}, {'layer': '250mb', 'direction': 230, 'speed': 2}, {'layer': '200mb', 'direction': 280, 'speed': 6}]",26,-1,11,1010,none,1,0,70,3,Papua New Guinea
11,14,9,6,3,1,-2,-3,-4,-3,-3,-2,-3,-4,-3,3,1,11,75,70,75,80,80,90,165,215,240,275,270,295,295,260,280,275,11,36,3,-9999,-9999,-9999,"[{'layer': '950mb', 'rh': 14}, {'layer': '900mb', 'rh': 9}, {'layer': '850mb', 'rh': 6}, {'layer': '800mb', 'rh': 3}, {'layer': '750mb', 'rh': 1}, {'layer': '700mb', 'rh': -2}, {'layer': '650mb', 'rh': -3}, {'layer': '600mb', 'rh': -4}, {'layer': '550mb', 'rh': -3}, {'layer': '500mb', 'rh': -3}, {'layer': '450mb', 'rh': -2}, {'layer': '400mb', 'rh': -3}, {'layer': '350mb', 'rh': -4}, {'layer': '300mb', 'rh': -3}, {'layer': '250mb', 'rh': 3}, {'layer': '200mb', 'rh': 1}]","[{'layer': '950mb', 'direction': 75, 'speed': 3}, {'layer': '900mb', 'direction': 70, 'speed': 4}, {'layer': '850mb', 'direction': 75, 'speed': 4}, {'layer': '800mb', 'direction': 80, 'speed': 4}, {'layer': '750mb', 'direction': 80, 'speed': 3}, {'layer': '700mb', 'direction': 90, 'speed': 3}, {'layer': '650mb', 'direction': 165, 'speed': 2}, {'layer': '600mb', 'direction': 215, 'speed': 3}, {'layer': '550mb', 'direction': 240, 'speed': 3}, {'layer': '500mb', 'direction': 275, 'speed': 3}, {'layer': '450mb', 'direction': 270, 'speed': 5}, {'layer': '400mb', 'direction': 295, 'speed': 3}, {'layer': '350mb', 'direction': 295, 'speed': 4}, {'layer': '300mb', 'direction': 260, 'speed': 3}, {'layer': '250mb', 'direction': 280, 'speed': 4}, {'layer': '200mb', 'direction': 275, 'speed': 6}]",26,-1,11,1008,none,1,0,65,3,Papua New Guinea
12,14,12,6,3,1,-2,-3,-4,-3,-3,-3,-4,-3,-3,-1,-1,12,75,80,80,80,80,90,160,215,240,240,275,290,290,270,270,240,12,39,1,-9999,-9999,-9999,"[{'layer': '950mb', 'rh': 14}, {'layer': '900mb', 'rh': 12}, {'layer': '850mb', 'rh': 6}, {'layer': '800mb', 'rh': 3}, {'layer': '750mb', 'rh': 1}, {'layer': '700mb', 'rh': -2}, {'layer': '650mb', 'rh': -3}, {'layer': '600mb', 'rh': -4}, {'layer': '550mb', 'rh': -3}, {'layer': '500mb', 'rh': -3}, {'layer': '450mb', 'rh': -3}, {'layer': '400mb', 'rh': -4}, {'layer': '350mb', 'rh': -3}, {'layer': '300mb', 'rh': -3}, {'layer': '250mb', 'rh': -1}, {'layer': '200mb', 'rh': -1}]","[{'layer': '950mb', 'direction': 75, 'speed': 3}, {'layer': '900mb', 'direction': 80, 'speed': 4}, {'layer': '850mb', 'direction': 80, 'speed': 4}, {'layer': '800mb', 'direction': 80, 'speed': 4}, {'layer': '750mb', 'direction': 80, 'speed': 3}, {'layer': '700mb', 'direction': 90, 'speed': 3}, {'layer': '650mb', 'direction': 160, 'speed': 2}, {'layer': '600mb', 'direction': 215, 'speed': 3}, {'layer': '550mb', 'direction': 240, 'speed': 3}, {'layer': '500mb', 'direction': 240, 'speed': 3}, {'layer': '450mb', 'direction': 275, 'speed': 5}, {'layer': '400mb', 'direction': 290, 'speed': 3}, {'layer': '350mb', 'direction': 290, 'speed': 5}, {'layer': '300mb', 'direction': 270, 'speed': 3}, {'layer': '250mb', 'direction': 270, 'speed': 6}, {'layer': '200mb', 'direction': 240, 'speed': 5}]",26,-1,12,1008,none,1,0,75,3,Papua New Guinea
13,15,13,12,8,2,0,-3,-4,-3,-3,-3,-3,0,-2,-2,3,13,80,80,75,75,75,85,140,205,230,245,270,285,290,270,245,195,13,42,1,-9999,-9999,-9999,"[{'layer': '950mb', 'rh': 15}, {'layer': '900mb', 'rh': 13}, {'layer': '850mb', 'rh': 12}, {'layer': '800mb', 'rh': 8}, {'layer': '750mb', 'rh': 2}, {'layer': '700mb', 'rh': 0}, {'layer': '650mb', 'rh': -3}, {'layer': '600mb', 'rh': -4}, {'layer': '550mb', 'rh': -3}, {'layer': '500mb', 'rh': -3}, {'layer': '450mb', 'rh': -3}, {'layer': '400mb', 'rh': -3}, {'layer': '350mb', 'rh': 0}, {'layer': '300mb', 'rh': -2}, {'layer': '250mb', 'rh': -2}, {'layer': '200mb', 'rh': 3}]","[{'layer': '950mb', 'direction': 80, 'speed': 3}, {'layer': '900mb', 'direction': 80, 'speed': 4}, {'layer': '850mb', 'direction': 75, 'speed': 4}, {'layer': '800mb', 'direction': 75, 'speed': 4}, {'layer': '750mb', 'direction': 75, 'speed': 4}, {'layer': '700mb', 'direction': 85, 'speed': 3}, {'layer': '650mb', 'direction': 140, 'speed': 2}, {'layer': '600mb', 'direction': 205, 'speed': 3}, {'layer': '550mb', 'direction': 230, 'speed': 3}, {'layer': '500mb', 'direction': 245, 'speed': 4}, {'layer': '450mb', 'direction': 270, 'speed': 4}, {'layer': '400mb', 'direction': 285, 'speed': 4}, {'layer': '350mb', 'direction': 290, 'speed': 5}, {'layer': '300mb', 'direction': 270, 'speed': 3}, {'layer': '250mb', 'direction': 245, 'speed': 5}, {'layer': '200mb', 'direction': 195, 'speed': 5}]",26,-1,12,1011,none,1,0,75,3,Papua New Guinea
14,15,14,13,11,7,5,-1,-4,-3,-3,-3,-3,2,-1,-1,5,14,80,80,80,80,75,80,115,215,240,245,270,280,290,270,220,175,14,45,2,-9999,-9999,-9999,"[{'layer': '950mb', 'rh': 15}, {'layer': '900mb', 'rh': 14}, {'layer': '850mb', 'rh': 13}, {'layer': '800mb', 'rh': 11}, {'layer': '750mb', 'rh': 7}, {'layer': '700mb', 'rh': 5}, {'layer': '650mb', 'rh': -1}, {'layer': '600mb', 'rh': -4}, {'layer': '550mb', 'rh': -3}, {'layer': '500mb', 'rh': -3}, {'layer': '450mb', 'rh': -3}, {'layer': '400mb', 'rh': -3}, {'layer': '350mb', 'rh': 2}, {'layer': '300mb', 'rh': -1}, {'layer': '250mb', 'rh': -1}, {'layer': '200mb', 'rh': 5}]","[{'layer': '950mb', 'direction': 80, 'speed': 4}, {'layer': '900mb', 'direction': 80, 'speed': 4}, {'layer': '850mb', 'direction': 80, 'speed': 4}, {'layer': '800mb', 'direction': 80, 'speed': 4}, {'layer': '750mb', 'direction': 75, 'speed': 3}, {'layer': '700mb', 'direction': 80, 'speed': 3}, {'layer': '650mb', 'direction': 115, 'speed': 2}, {'layer': '600mb', 'direction': 215, 'speed': 3}, {'layer': '550mb', 'direction': 240, 'speed': 3}, {'layer': '500mb', 'direction': 245, 'speed': 4}, {'layer': '450mb', 'direction': 270, 'speed': 5}, {'layer': '400mb', 'direction': 280, 'speed': 5}, {'layer': '350mb', 'direction': 290, 'speed': 5}, {'layer': '300mb', 'direction': 270, 'speed': 4}, {'layer': '250mb', 'direction': 220, 'speed': 5}, {'layer': '200mb', 'direction': 175, 'speed': 5}]",26,2,12,1011,rain,1,0,85,3,Papua New Guinea
15,15,13,13,11,9,6,0,-3,-4,-3,-3,-2,0,-2,0,0,15,75,75,80,80,75,80,110,215,235,245,260,270,280,270,200,180,15,48,5,-9999,-9999,-9999,"[{'layer': '950mb', 'rh': 15}, {'layer': '900mb', 'rh': 13}, {'layer': '850mb', 'rh': 13}, {'layer': '800mb', 'rh': 11}, {'layer': '750mb', 'rh': 9}, {'layer': '700mb', 'rh': 6}, {'layer': '650mb', 'rh': 0}, {'layer': '600mb', 'rh': -3}, {'layer': '550mb', 'rh': -4}, {'layer': '500mb', 'rh': -3}, {'layer': '450mb', 'rh': -3}, {'layer': '400mb', 'rh': -2}, {'layer': '350mb', 'rh': 0}, {'layer': '300mb', 'rh': -2}, {'layer': '250mb', 'rh': 0}, {'layer': '200mb', 'rh': 0}]","[{'layer': '950mb', 'direction': 75, 'speed': 4}, {'layer': '900mb', 'direction': 75, 'speed': 4}, {'layer': '850mb', 'direction': 80, 'speed': 4}, {'layer': '800mb', 'direction': 80, 'speed': 3}, {'layer': '750mb', 'direction': 75, 'speed': 3}, {'layer': '700mb', 'direction': 80, 'speed': 3}, {'layer': '650mb', 'direction': 110, 'speed': 2}, {'layer': '600mb', 'direction': 215, 'speed': 3}, {'layer': '550mb', 'direction': 235, 'speed': 3}, {'layer': '500mb', 'direction': 245, 'speed': 4}, {'layer': '450mb', 'direction': 260, 'speed': 5}, {'layer': '400mb', 'direction': 270, 'speed': 5}, {'layer': '350mb', 'direction': 280, 'speed': 5}, {'layer': '300mb', 'direction': 270, 'speed': 5}, {'layer': '250mb', 'direction': 200, 'speed': 3}, {'layer': '200mb', 'direction': 180, 'speed': 5}]",25,2,12,1008,rain,2,0,75,3,Papua New Guinea
16,15,13,14,10,8,4,-2,-4,-4,-3,-3,-1,2,0,-1,0,16,65,75,80,80,75,75,135,210,225,240,255,270,275,265,220,230,16,51,8,-9999,-9999,-9999,"[{'layer': '950mb', 'rh': 15}, {'layer': '900mb', 'rh': 13}, {'layer': '850mb', 'rh': 14}, {'layer': '800mb', 'rh': 10}, {'layer': '750mb', 'rh': 8}, {'layer': '700mb', 'rh': 4}, {'layer': '650mb', 'rh': -2}, {'layer': '600mb', 'rh': -4}, {'layer': '550mb', 'rh': -4}, {'layer': '500mb', 'rh': -3}, {'layer': '450mb', 'rh': -3}, {'layer': '400mb', 'rh': -1}, {'layer': '350mb', 'rh': 2}, {'layer': '300mb', 'rh': 0}, {'layer': '250mb', 'rh': -1}, {'layer': '200mb', 'rh': 0}]","[{'layer': '950mb', 'direction': 65, 'speed': 4}, {'layer': '900mb', 'direction': 75, 'speed': 4}, {'layer': '850mb', 'direction': 80, 'speed': 4}, {'layer': '800mb', 'direction': 80, 'speed': 3}, {'layer': '750mb', 'direction': 75, 'speed': 3}, {'layer': '700mb', 'direction': 75, 'speed': 3}, {'layer': '650mb', 'direction': 135, 'speed': 2}, {'layer': '600mb', 'direction': 210, 'speed': 3}, {'layer': '550mb', 'direction': 225, 'speed': 3}, {'layer': '500mb', 'direction': 240, 'speed': 4}, {'layer': '450mb', 'direction': 255, 'speed': 5}, {'layer': '400mb', 'direction': 270, 'speed': 5}, {'layer': '350mb', 'direction': 275, 'speed': 5}, {'layer': '300mb', 'direction': 265, 'speed': 5}, {'layer': '250mb', 'direction': 220, 'speed': 4}, {'layer': '200mb', 'direction': 230, 'speed': 5}]",26,-1,12,1010,rain,2,0,70,3,Papua New Guinea
17,14,14,7,6,7,1,-3,-4,-4,-3,-3,-1,0,0,1,1,17,70,80,80,80,80,90,140,205,220,245,255,265,260,260,175,220,17,54,6,-9999,-9999,-9999,"[{'layer': '950mb', 'rh': 14}, {'layer': '900mb', 'rh': 14}, {'layer': '850mb', 'rh': 7}, {'layer': '800mb', 'rh': 6}, {'layer': '750mb', 'rh': 7}, {'layer': '700mb', 'rh': 1}, {'layer': '650mb', 'rh': -3}, {'layer': '600mb', 'rh': -4}, {'layer': '550mb', 'rh': -4}, {'layer': '500mb', 'rh': -3}, {'layer': '450mb', 'rh': -3}, {'layer': '400mb', 'rh': -1}, {'layer': '350mb', 'rh': 0}, {'layer': '300mb', 'rh': 0}, {'layer': '250mb', 'rh': 1}, {'layer': '200mb', 'rh': 1}]","[{'layer': '950mb', 'direction': 70, 'speed': 4}, {'layer': '900mb', 'direction': 80, 'speed': 4}, {'layer': '850mb', 'direction': 80, 'speed': 4}, {'layer': '800mb', 'direction': 80, 'speed': 3}, {'layer': '750mb', 'direction': 80, 'speed': 3}, {'layer': '700mb', 'direction': 90, 'speed': 3}, {'layer': '650mb', 'direction': 140, 'speed': 2}, {'layer': '600mb', 'direction': 205, 'speed': 3}, {'layer': '550mb', 'direction': 220, 'speed': 3}, {'layer': '500mb', 'direction': 245, 'speed': 4}, {'layer': '450mb', 'direction': 255, 'speed': 5}, {'layer': '400mb', 'direction': 265, 'speed': 5}, {'layer': '350mb', 'direction': 260, 'speed': 5}, {'layer': '300mb', 'direction': 260, 'speed': 5}, {'layer': '250mb', 'direction': 175, 'speed': 5}, {'layer': '200mb', 'direction': 220, 'speed': 5}]",25,2,11,1012,rain,2,0,60,3,Papua New Guinea
18,13,15,2,0,2,-1,-3,-4,-4,-3,-3,1,0,-2,2,3,18,75,75,80,80,80,85,120,220,225,240,255,260,255,240,175,215,18,57,7,-9999,-9999,-9999,"[{'layer': '950mb', 'rh': 13}, {'layer': '900mb', 'rh': 15}, {'layer': '850mb', 'rh': 2}, {'layer': '800mb', 'rh': 0}, {'layer': '750mb', 'rh': 2}, {'layer': '700mb', 'rh': -1}, {'layer': '650mb', 'rh': -3}, {'layer': '600mb', 'rh': -4}, {'layer': '550mb', 'rh': -4}, {'layer': '500mb', 'rh': -3}, {'layer': '450mb', 'rh': -3}, {'layer': '400mb', 'rh': 1}, {'layer': '350mb', 'rh': 0}, {'layer': '300mb', 'rh': -2}, {'layer': '250mb', 'rh': 2}, {'layer': '200mb', 'rh': 3}]","[{'layer': '950mb', 'direction': 75, 'speed': 4}, {'layer': '900mb', 'direction': 75, 'speed': 4}, {'layer': '850mb', 'direction': 80, 'speed': 4}, {'layer': '800mb', 'direction': 80, 'speed': 3}, {'layer': '750mb', 'direction': 80, 'speed': 3}, {'layer': '700mb', 'direction': 85, 'speed': 2}, {'layer': '650mb', 'direction': 120, 'speed': 2}, {'layer': '600mb', 'direction': 220, 'speed': 3}, {'layer': '550mb', 'direction': 225, 'speed': 3}, {'layer': '500mb', 'direction': 240, 'speed': 4}, {'layer': '450mb', 'direction': 255, 'speed': 5}, {'layer': '400mb', 'direction': 260, 'speed': 5}, {'layer': '350mb', 'direction': 255, 'speed': 6}, {'layer': '300mb', 'direction': 240, 'speed': 5}, {'layer': '250mb', 'direction': 175, 'speed': 5}, {'layer': '200mb', 'direction': 215, 'speed': 5}]",26,2,10,1010,rain,2,0,65,4,Papua New Guinea
19,11,13,1,-1,-1,-1,-3,-4,-4,-3,-2,-1,0,-2,4,1,19,80,80,80,80,80,80,160,225,230,240,250,255,255,240,175,200,19,60,8,-9999,-9999,-9999,"[{'layer': '950mb', 'rh': 11}, {'layer': '900mb', 'rh': 13}, {'layer': '850mb', 'rh': 1}, {'layer': '800mb', 'rh': -1}, {'layer': '750mb', 'rh': -1}, {'layer': '700mb', 'rh': -1}, {'layer': '650mb', 'rh': -3}, {'layer': '600mb', 'rh': -4}, {'layer': '550mb', 'rh': -4}, {'layer': '500mb', 'rh': -3}, {'layer': '450mb', 'rh': -2}, {'layer': '400mb', 'rh': -1}, {'layer': '350mb', 'rh': 0}, {'layer': '300mb', 'rh': -2}, {'layer': '250mb', 'rh': 4}, {'layer': '200mb', 'rh': 1}]","[{'layer': '950mb', 'direction': 80, 'speed': 4}, {'layer': '900mb', 'direction': 80, 'speed': 4}, {'layer': '850mb', 'direction': 80, 'speed': 4}, {'layer': '800mb', 'direction': 80, 'speed': 3}, {'layer': '750mb', 'direction': 80, 'speed': 3}, {'layer': '700mb', 'direction': 80, 'speed': 2}, {'layer': '650mb', 'direction': 160, 'speed': 2}, {'layer': '600mb', 'direction': 225, 'speed': 3}, {'layer': '550mb', 'direction': 230, 'speed': 3}, {'layer': '500mb', 'direction': 240, 'speed': 4}, {'layer': '450mb', 'direction': 250, 'speed': 5}, {'layer': '400mb', 'direction': 255, 'speed': 5}, {'layer': '350mb', 'direction': 255, 'speed': 6}, {'layer': '300mb', 'direction': 240, 'speed': 6}, {'layer': '250mb', 'direction': 175, 'speed': 5}, {'layer': '200mb', 'direction': 200, 'speed': 5}]",26,2,10,1008,rain,2,0,70,3,Papua New Guinea
20,12,5,0,-1,-2,-2,-3,-4,-3,-3,-3,0,1,0,4,1,20,80,80,80,80,75,75,185,225,230,235,240,250,245,240,175,195,20,63,3,-9999,-9999,-9999,"[{'layer': '950mb', 'rh': 12}, {'layer': '900mb', 'rh': 5}, {'layer': '850mb', 'rh': 0}, {'layer': '800mb', 'rh': -1}, {'layer': '750mb', 'rh': -2}, {'layer': '700mb', 'rh': -2}, {'layer': '650mb', 'rh': -3}, {'layer': '600mb', 'rh': -4}, {'layer': '550mb', 'rh': -3}, {'layer': '500mb', 'rh': -3}, {'layer': '450mb', 'rh': -3}, {'layer': '400mb', 'rh': 0}, {'layer': '350mb', 'rh': 1}, {'layer': '300mb', 'rh': 0}, {'layer': '250mb', 'rh': 4}, {'layer': '200mb', 'rh': 1}]","[{'layer': '950mb', 'direction': 80, 'speed': 4}, {'layer': '900mb', 'direction': 80, 'speed': 4}, {'layer': '850mb', 'direction': 80, 'speed': 4}, {'layer': '800mb', 'direction': 80, 'speed': 4}, {'layer': '750mb', 'direction': 75, 'speed': 3}, {'layer': '700mb', 'direction': 75, 'speed': 2}, {'layer': '650mb', 'direction': 185, 'speed': 2}, {'layer': '600mb', 'direction': 225, 'speed': 3}, {'layer': '550mb', 'direction': 230, 'speed': 3}, {'layer': '500mb', 'direction': 235, 'speed': 5}, {'layer': '450mb', 'direction': 240, 'speed': 5}, {'layer': '400mb', 'direction': 250, 'speed': 5}, {'layer': '350mb', 'direction': 245, 'speed': 6}, {'layer': '300mb', 'direction': 240, 'speed': 6}, {'layer': '250mb', 'direction': 175, 'speed': 5}, {'layer': '200mb', 'direction': 195, 'speed': 5}]",26,-1,11,1009,none,2,0,70,3,Papua New Guinea
21,13,10,0,-1,-2,-1,-2,-3,-3,-3,-3,-2,2,2,3,5,21,80,80,80,80,80,70,170,225,230,240,240,230,240,245,185,195,21,66,2,-9999,-9999,-9999,"[{'layer': '950mb', 'rh': 13}, {'layer': '900mb', 'rh': 10}, {'layer': '850mb', 'rh': 0}, {'layer': '800mb', 'rh': -1}, {'layer': '750mb', 'rh': -2}, {'layer': '700mb', 'rh': -1}, {'layer': '650mb', 'rh': -2}, {'layer': '600mb', 'rh': -3}, {'layer': '550mb', 'rh': -3}, {'layer': '500mb', 'rh': -3}, {'layer': '450mb', 'rh': -3}, {'layer': '400mb', 'rh': -2}, {'layer': '350mb', 'rh': 2}, {'layer': '300mb', 'rh': 2}, {'layer': '250mb', 'rh': 3}, {'layer': '200mb', 'rh': 5}]","[{'layer': '950mb', 'direction': 80, 'speed': 4}, {'layer': '900mb', 'direction': 80, 'speed': 4}, {'layer': '850mb', 'direction': 80, 'speed': 4}, {'layer': '800mb', 'direction': 80, 'speed': 4}, {'layer': '750mb', 'direction': 80, 'speed': 3}, {'layer': '700mb', 'direction': 70, 'speed': 2}, {'layer': '650mb', 'direction': 170, 'speed': 2}, {'layer': '600mb', 'direction': 225, 'speed': 3}, {'layer': '550mb', 'direction': 230, 'speed': 3}, {'layer': '500mb', 'direction': 240, 'speed': 4}, {'layer': '450mb', 'direction': 240, 'speed': 5}, {'layer': '400mb', 'direction': 230, 'speed': 5}, {'layer': '350mb', 'direction': 240, 'speed': 6}, {'layer': '300mb', 'direction': 245, 'speed': 6}, {'layer': '250mb', 'direction': 185, 'speed': 5}, {'layer': '200mb', 'direction': 195, 'speed': 5}]",26,2,11,1011,none,2,0,80,3,Papua New Guinea
22,13,13,1,-1,-2,-2,-2,-3,-3,-3,-3,-2,3,5,4,14,22,75,75,80,85,90,80,160,215,235,245,245,235,240,240,200,195,22,69,2,-9999,-9999,-9999,"[{'layer': '950mb', 'rh': 13}, {'layer': '900mb', 'rh': 13}, {'layer': '850mb', 'rh': 1}, {'layer': '800mb', 'rh': -1}, {'layer': '750mb', 'rh': -2}, {'layer': '700mb', 'rh': -2}, {'layer': '650mb', 'rh': -2}, {'layer': '600mb', 'rh': -3}, {'layer': '550mb', 'rh': -3}, {'layer': '500mb', 'rh': -3}, {'layer': '450mb', 'rh': -3}, {'layer': '400mb', 'rh': -2}, {'layer': '350mb', 'rh': 3}, {'layer': '300mb', 'rh': 5}, {'layer': '250mb', 'rh': 4}, {'layer': '200mb', 'rh': 14}]","[{'layer': '950mb', 'direction': 75, 'speed': 4}, {'layer': '900mb', 'direction': 75, 'speed': 4}, {'layer': '850mb', 'direction': 80, 'speed': 4}, {'layer': '800mb', 'direction': 85, 'speed': 4}, {'layer': '750mb', 'direction': 90, 'speed': 3}, {'layer': '700mb', 'direction': 80, 'speed': 2}, {'layer': '650mb', 'direction': 160, 'speed': 2}, {'layer': '600mb', 'direction': 215, 'speed': 2}, {'layer': '550mb', 'direction': 235, 'speed': 3}, {'layer': '500mb', 'direction': 245, 'speed': 4}, {'layer': '450mb', 'direction': 245, 'speed': 5}, {'layer': '400mb', 'direction': 235, 'speed': 5}, {'layer': '350mb', 'direction': 240, 'speed': 6}, {'layer': '300mb', 'direction': 240, 'speed': 6}, {'layer': '250mb', 'direction': 200, 'speed': 5}, {'layer': '200mb', 'direction': 195, 'speed': 6}]",26,2,10,1011,none,2,0,75,3,Papua New Guinea
23,13,15,5,1,-2,-2,-2,-2,-2,-2,-3,-1,3,1,5,0,23,70,70,75,80,90,85,255,215,230,245,250,240,245,225,190,190,23,72,4,-9999,-9999,-9999,"[{'layer': '950mb', 'rh': 13}, {'layer': '900mb', 'rh': 15}, {'layer': '850mb', 'rh': 5}, {'layer': '800mb', 'rh': 1}, {'layer': '750mb', 'rh': -2}, {'layer': '700mb', 'rh': -2}, {'layer': '650mb', 'rh': -2}, {'layer': '600mb', 'rh': -2}, {'layer': '550mb', 'rh': -2}, {'layer': '500mb', 'rh': -2}, {'layer': '450mb', 'rh': -3}, {'layer': '400mb', 'rh': -1}, {'layer': '350mb', 'rh': 3}, {'layer': '300mb', 'rh': 1}, {'layer': '250mb', 'rh': 5}, {'layer': '200mb', 'rh': 0}]","[{'layer': '950mb', 'direction': 70, 'speed': 4}, {'layer': '900mb', 'direction': 70, 'speed': 4}, {'layer': '850mb', 'direction': 75, 'speed': 4}, {'layer': '800mb', 'direction': 80, 'speed': 4}, {'layer': '750mb', 'direction': 90, 'speed': 3}, {'layer': '700mb', 'direction': 85, 'speed': 2}, {'layer': '650mb', 'direction': 255, 'speed': 2}, {'layer': '600mb', 'direction': 215, 'speed': 2}, {'layer': '550mb', 'direction': 230, 'speed': 3}, {'layer': '500mb', 'direction': 245, 'speed': 4}, {'layer': '450mb', 'direction': 250, 'speed': 5}, {'layer': '400mb', 'direction': 240, 'speed': 6}, {'layer': '350mb', 'direction': 245, 'speed': 6}, {'layer': '300mb', 'direction': 225, 'speed': 6}, {'layer': '250mb', 'direction': 190, 'speed': 6}, {'layer': '200mb', 'direction': 190, 'speed': 6}]",26,2,10,1009,none,2,0,70,3,Papua New Guinea
24,11,13,15,3,-1,-2,-2,0,-2,-2,-3,-1,6,7,8,6,24,75,70,70,70,75,85,180,215,225,235,250,240,240,235,205,190,24,75,9,-9999,-9999,-9999,"[{'layer': '950mb', 'rh': 11}, {'layer': '900mb', 'rh': 13}, {'layer': '850mb', 'rh': 15}, {'layer': '800mb', 'rh': 3}, {'layer': '750mb', 'rh': -1}, {'layer': '700mb', 'rh': -2}, {'layer': '650mb', 'rh': -2}, {'layer': '600mb', 'rh': 0}, {'layer': '550mb', 'rh': -2}, {'layer': '500mb', 'rh': -2}, {'layer': '450mb', 'rh': -3}, {'layer': '400mb', 'rh': -1}, {'layer': '350mb', 'rh': 6}, {'layer': '300mb', 'rh': 7}, {'layer': '250mb', 'rh': 8}, {'layer': '200mb', 'rh': 6}]","[{'layer': '950mb', 'direction': 75, 'speed': 4}, {'layer': '900mb', 'direction': 70, 'speed': 4}, {'layer': '850mb', 'direction': 70, 'speed': 4}, {'layer': '800mb', 'direction': 70, 'speed': 4}, {'layer': '750mb', 'direction': 75, 'speed': 3}, {'layer': '700mb', 'direction': 85, 'speed': 2}, {'layer': '650mb', 'direction': 180, 'speed': 2}, {'layer': '600mb', 'direction': 215, 'speed': 2}, {'layer': '550mb', 'direction': 225, 'speed': 3}, {'layer': '500mb', 'direction': 235, 'speed': 4}, {'layer': '450mb', 'direction': 250, 'speed': 5}, {'layer': '400mb', 'direction': 240, 'speed': 5}, {'layer': '350mb', 'direction': 240, 'speed': 6}, {'layer': '300mb', 'direction': 235, 'speed': 6}, {'layer': '250mb', 'direction': 205, 'speed': 5}, {'layer': '200mb', 'direction': 190, 'speed': 6}]",25,-1,10,1010,rain,2,0,75,3,Papua New Guinea
25,9,12,15,2,-2,-2,-1,0,-1,-2,-3,-3,4,0,15,1,25,70,70,65,75,80,95,175,220,225,230,245,235,235,215,180,195,25,78,9,-9999,-9999,-9999,"[{'layer': '950mb', 'rh': 9}, {'layer': '900mb', 'rh': 12}, {'layer': '850mb', 'rh': 15}, {'layer': '800mb', 'rh': 2}, {'layer': '750mb', 'rh': -2}, {'layer': '700mb', 'rh': -2}, {'layer': '650mb', 'rh': -1}, {'layer': '600mb', 'rh': 0}, {'layer': '550mb', 'rh': -1}, {'layer': '500mb', 'rh': -2}, {'layer': '450mb', 'rh': -3}, {'layer': '400mb', 'rh': -3}, {'layer': '350mb', 'rh': 4}, {'layer': '300mb', 'rh': 0}, {'layer': '250mb', 'rh': 15}, {'layer': '200mb', 'rh': 1}]","[{'layer': '950mb', 'direction': 70, 'speed': 4}, {'layer': '900mb', 'direction': 70, 'speed': 4}, {'layer': '850mb', 'direction': 65, 'speed': 4}, {'layer': '800mb', 'direction': 75, 'speed': 4}, {'layer': '750mb', 'direction': 80, 'speed': 3}, {'layer': '700mb', 'direction': 95, 'speed': 2}, {'layer': '650mb', 'direction': 175, 'speed': 2}, {'layer': '600mb', 'direction': 220, 'speed': 2}, {'layer': '550mb', 'direction': 225, 'speed': 3}, {'layer': '500mb', 'direction': 230, 'speed': 4}, {'layer': '450mb', 'direction': 245, 'speed': 5}, {'layer': '400mb', 'direction': 235, 'speed': 5}, {'layer': '350mb', 'direction': 235, 'speed': 6}, {'layer': '300mb', 'direction': 215, 'speed': 6}, {'layer': '250mb', 'direction': 180, 'speed': 6}, {'layer': '200mb', 'direction': 195, 'speed': 6}]",26,-1,11,1012,rain,2,0,85,3,Papua New Guinea
26,9,11,14,3,-1,-2,-1,1,0,-1,-2,-2,3,-2,10,0,26,75,70,65,70,70,65,250,235,230,235,245,235,235,205,185,215,26,81,8,-9999,-9999,-9999,"[{'layer': '950mb', 'rh': 9}, {'layer': '900mb', 'rh': 11}, {'layer': '850mb', 'rh': 14}, {'layer': '800mb', 'rh': 3}, {'layer': '750mb', 'rh': -1}, {'layer': '700mb', 'rh': -2}, {'layer': '650mb', 'rh': -1}, {'layer': '600mb', 'rh': 1}, {'layer': '550mb', 'rh': 0}, {'layer': '500mb', 'rh': -1}, {'layer': '450mb', 'rh': -2}, {'layer': '400mb', 'rh': -2}, {'layer': '350mb', 'rh': 3}, {'layer': '300mb', 'rh': -2}, {'layer': '250mb', 'rh': 10}, {'layer': '200mb', 'rh': 0}]","[{'layer': '950mb', 'direction': 75, 'speed': 4}, {'layer': '900mb', 'direction': 70, 'speed': 4}, {'layer': '850mb', 'direction': 65, 'speed': 4}, {'layer': '800mb', 'direction': 70, 'speed': 3}, {'layer': '750mb', 'direction': 70, 'speed': 3}, {'layer': '700mb', 'direction': 65, 'speed': 2}, {'layer': '650mb', 'direction': 250, 'speed': 2}, {'layer': '600mb', 'direction': 235, 'speed': 2}, {'layer': '550mb', 'direction': 230, 'speed': 3}, {'layer': '500mb', 'direction': 235, 'speed': 4}, {'layer': '450mb', 'direction': 245, 'speed': 5}, {'layer': '400mb', 'direction': 235, 'speed': 6}, {'layer': '350mb', 'direction': 235, 'speed': 6}, {'layer': '300mb', 'direction': 205, 'speed': 5}, {'layer': '250mb', 'direction': 185, 'speed': 5}, {'layer': '200mb', 'direction': 215, 'speed': 6}]",26,-1,10,1011,rain,2,0,85,3,Papua New Guinea
27,9,11,12,2,-1,-2,-1,1,1,0,-2,-1,1,4,8,3,27,70,65,65,70,65,40,310,260,235,225,245,235,235,195,205,200,27,84,5,-9999,-9999,-9999,"[{'layer': '950mb', 'rh': 9}, {'layer': '900mb', 'rh': 11}, {'layer': '850mb', 'rh': 12}, {'layer': '800mb', 'rh': 2}, {'layer': '750mb', 'rh': -1}, {'layer': '700mb', 'rh': -2}, {'layer': '650mb', 'rh': -1}, {'layer': '600mb', 'rh': 1}, {'layer': '550mb', 'rh': 1}, {'layer': '500mb', 'rh': 0}, {'layer': '450mb', 'rh': -2}, {'layer': '400mb', 'rh': -1}, {'layer': '350mb', 'rh': 1}, {'layer': '300mb', 'rh': 4}, {'layer': '250mb', 'rh': 8}, {'layer': '200mb', 'rh': 3}]","[{'layer': '950mb', 'direction': 70, 'speed': 4}, {'layer': '900mb', 'direction': 65, 'speed': 4}, {'layer': '850mb', 'direction': 65, 'speed': 4}, {'layer': '800mb', 'direction': 70, 'speed': 4}, {'layer': '750mb', 'direction': 65, 'speed': 3}, {'layer': '700mb', 'direction': 40, 'speed': 2}, {'layer': '650mb', 'direction': 310, 'speed': 2}, {'layer': '600mb', 'direction': 260, 'speed': 3}, {'layer': '550mb', 'direction': 235, 'speed': 3}, {'layer': '500mb', 'direction': 225, 'speed': 4}, {'layer': '450mb', 'direction': 245, 'speed': 5}, {'layer': '400mb', 'direction': 235, 'speed': 6}, {'layer': '350mb', 'direction': 235, 'speed': 6}, {'layer': '300mb', 'direction': 195, 'speed': 5}, {'layer': '250mb', 'direction': 205, 'speed': 5}, {'layer': '200mb', 'direction': 200, 'speed': 6}]",26,-1,10,1008,rain,2,0,85,3,Papua New Guinea
28,9,10,11,4,-1,-2,-2,1,2,3,-2,-1,-1,6,14,2,28,80,65,70,70,75,45,300,275,250,225,245,235,235,195,200,210,28,87,1,-9999,-9999,-9999,"[{'layer': '950mb', 'rh': 9}, {'layer': '900mb', 'rh': 10}, {'layer': '850mb', 'rh': 11}, {'layer': '800mb', 'rh': 4}, {'layer': '750mb', 'rh': -1}, {'layer': '700mb', 'rh': -2}, {'layer': '650mb', 'rh': -2}, {'layer': '600mb', 'rh': 1}, {'layer': '550mb', 'rh': 2}, {'layer': '500mb', 'rh': 3}, {'layer': '450mb', 'rh': -2}, {'layer': '400mb', 'rh': -1}, {'layer': '350mb', 'rh': -1}, {'layer': '300mb', 'rh': 6}, {'layer': '250mb', 'rh': 14}, {'layer': '200mb', 'rh': 2}]","[{'layer': '950mb', 'direction': 80, 'speed': 3}, {'layer': '900mb', 'direction': 65, 'speed': 4}, {'layer': '850mb', 'direction': 70, 'speed': 4}, {'layer': '800mb', 'direction': 70, 'speed': 4}, {'layer': '750mb', 'direction': 75, 'speed': 3}, {'layer': '700mb', 'direction': 45, 'speed': 2}, {'layer': '650mb', 'direction': 300, 'speed': 2}, {'layer': '600mb', 'direction': 275, 'speed': 3}, {'layer': '550mb', 'direction': 250, 'speed': 3}, {'layer': '500mb', 'direction': 225, 'speed': 4}, {'layer': '450mb', 'direction': 245, 'speed': 6}, {'layer': '400mb', 'direction': 235, 'speed': 6}, {'layer': '350mb', 'direction': 235, 'speed': 6}, {'layer': '300mb', 'direction': 195, 'speed': 5}, {'layer': '250mb', 'direction': 200, 'speed': 6}, {'layer': '200mb', 'direction': 210, 'speed': 6}]",26,-1,11,1009,none,2,0,85,3,Papua New Guinea
29,14,11,10,5,0,-2,-2,0,1,4,-2,0,-3,14,9,2,29,85,70,70,70,75,45,295,275,260,250,245,240,230,205,195,220,29,90,2,-9999,-9999,-9999,"[{'layer': '950mb', 'rh': 14}, {'layer': '900mb', 'rh': 11}, {'layer': '850mb', 'rh': 10}, {'layer': '800mb', 'rh': 5}, {'layer': '750mb', 'rh': 0}, {'layer': '700mb', 'rh': -2}, {'layer': '650mb', 'rh': -2}, {'layer': '600mb', 'rh': 0}, {'layer': '550mb', 'rh': 1}, {'layer': '500mb', 'rh': 4}, {'layer': '450mb', 'rh': -2}, {'layer': '400mb', 'rh': 0}, {'layer': '350mb', 'rh': -3}, {'layer': '300mb', 'rh': 14}, {'layer': '250mb', 'rh': 9}, {'layer': '200mb', 'rh': 2}]","[{'layer': '950mb', 'direction': 85, 'speed': 4}, {'layer': '900mb', 'direction': 70, 'speed': 4}, {'layer': '850mb', 'direction': 70, 'speed': 4}, {'layer': '800mb', 'direction': 70, 'speed': 4}, {'layer': '750mb', 'direction': 75, 'speed': 3}, {'layer': '700mb', 'direction': 45, 'speed': 2}, {'layer': '650mb', 'direction': 295, 'speed': 2}, {'layer': '600mb', 'direction': 275, 'speed': 3}, {'layer': '550mb', 'direction': 260, 'speed': 3}, {'layer': '500mb', 'direction': 250, 'speed': 4}, {'layer': '450mb', 'direction': 245, 'speed': 6}, {'layer': '400mb', 'direction': 240, 'speed': 6}, {'layer': '350mb', 'direction': 230, 'speed': 5}, {'layer': '300mb', 'direction': 205, 'speed': 5}, {'layer': '250mb', 'direction': 195, 'speed': 6}, {'layer': '200mb', 'direction': 220, 'speed': 6}]",26,-1,12,1011,none,2,0,90,3,Papua New Guinea
30,15,13,10,6,1,-2,-2,-1,1,5,-1,1,7,13,3,0,30,85,80,75,70,70,40,305,270,255,245,245,240,220,200,195,210,30,93,6,-9999,-9999,-9999,"[{'layer': '950mb', 'rh': 15}, {'layer': '900mb', 'rh': 13}, {'layer': '850mb', 'rh': 10}, {'layer': '800mb', 'rh': 6}, {'layer': '750mb', 'rh': 1}, {'layer': '700mb', 'rh': -2}, {'layer': '650mb', 'rh': -2}, {'layer': '600mb', 'rh': -1}, {'layer': '550mb', 'rh': 1}, {'layer': '500mb', 'rh': 5}, {'layer': '450mb', 'rh': -1}, {'layer': '400mb', 'rh': 1}, {'layer': '350mb', 'rh': 7}, {'layer': '300mb', 'rh': 13}, {'layer': '250mb', 'rh': 3}, {'layer': '200mb', 'rh': 0}]","[{'layer': '950mb', 'direction': 85, 'speed': 4}, {'layer': '900mb', 'direction': 80, 'speed': 4}, {'layer': '850mb', 'direction': 75, 'speed': 4}, {'layer': '800mb', 'direction': 70, 'speed': 4}, {'layer': '750mb', 'direction': 70, 'speed': 3}, {'layer': '700mb', 'direction': 40, 'speed': 2}, {'layer': '650mb', 'direction': 305, 'speed': 2}, {'layer': '600mb', 'direction': 270, 'speed': 3}, {'layer': '550mb', 'direction': 255, 'speed': 3}, {'layer': '500mb', 'direction': 245, 'speed': 4}, {'layer': '450mb', 'direction': 245, 'speed': 5}, {'layer': '400mb', 'direction': 240, 'speed': 6}, {'layer': '350mb', 'direction': 220, 'speed': 5}, {'layer': '300mb', 'direction': 200, 'speed': 5}, {'layer': '250mb', 'direction': 195, 'speed': 6}, {'layer': '200mb', 'direction': 210, 'speed': 6}]",26,-4,12,1011,none,2,0,85,3,Papua New Guinea
31,14,12,10,6,2,-1,-2,-2,1,3,-2,-3,1,15,8,1,31,85,80,70,65,60,40,300,280,260,255,245,235,225,195,205,205,31,96,5,-9999,-9999,-9999,"[{'layer': '950mb', 'rh': 14}, {'layer': '900mb', 'rh': 12}, {'layer': '850mb', 'rh': 10}, {'layer': '800mb', 'rh': 6}, {'layer': '750mb', 'rh': 2}, {'layer': '700mb', 'rh': -1}, {'layer': '650mb', 'rh': -2}, {'layer': '600mb', 'rh': -2}, {'layer': '550mb', 'rh': 1}, {'layer': '500mb', 'rh': 3}, {'layer': '450mb', 'rh': -2}, {'layer': '400mb', 'rh': -3}, {'layer': '350mb', 'rh': 1}, {'layer': '300mb', 'rh': 15}, {'layer': '250mb', 'rh': 8}, {'layer': '200mb', 'rh': 1}]","[{'layer': '950mb', 'direction': 85, 'speed': 4}, {'layer': '900mb', 'direction': 80, 'speed': 4}, {'layer': '850mb', 'direction': 70, 'speed': 4}, {'layer': '800mb', 'direction': 65, 'speed': 4}, {'layer': '750mb', 'direction': 60, 'speed': 3}, {'layer': '700mb', 'direction': 40, 'speed': 2}, {'layer': '650mb', 'direction': 300, 'speed': 3}, {'layer': '600mb', 'direction': 280, 'speed': 3}, {'layer': '550mb', 'direction': 260, 'speed': 3}, {'layer': '500mb', 'direction': 255, 'speed': 4}, {'layer': '450mb', 'direction': 245, 'speed': 5}, {'layer': '400mb', 'direction': 235, 'speed': 5}, {'layer': '350mb', 'direction': 225, 'speed': 5}, {'layer': '300mb', 'direction': 195, 'speed': 5}, {'layer': '250mb', 'direction': 205, 'speed': 6}, {'layer': '200mb', 'direction': 205, 'speed': 6}]",25,-1,12,1009,rain,2,0,90,3,Papua New Guinea
32,14,12,7,3,1,-2,-3,-3,1,2,-2,1,13,15,14,0,32,80,75,70,65,55,30,285,280,275,260,240,220,215,220,210,210,32,99,9,-9999,-9999,-9999,"[{'layer': '950mb', 'rh': 14}, {'layer': '900mb', 'rh': 12}, {'layer': '850mb', 'rh': 7}, {'layer': '800mb', 'rh': 3}, {'layer': '750mb', 'rh': 1}, {'layer': '700mb', 'rh': -2}, {'layer': '650mb', 'rh': -3}, {'layer': '600mb', 'rh': -3}, {'layer': '550mb', 'rh': 1}, {'layer': '500mb', 'rh': 2}, {'layer': '450mb', 'rh': -2}, {'layer': '400mb', 'rh': 1}, {'layer': '350mb', 'rh': 13}, {'layer': '300mb', 'rh': 15}, {'layer': '250mb', 'rh': 14}, {'layer': '200mb', 'rh': 0}]","[{'layer': '950mb', 'direction': 80, 'speed': 4}, {'layer': '900mb', 'direction': 75, 'speed': 4}, {'layer': '850mb', 'direction': 70, 'speed': 4}, {'layer': '800mb', 'direction': 65, 'speed': 4}, {'layer': '750mb', 'direction': 55, 'speed': 3}, {'layer': '700mb', 'direction': 30, 'speed': 2}, {'layer': '650mb', 'direction': 285, 'speed': 3}, {'layer': '600mb', 'direction': 280, 'speed': 3}, {'layer': '550mb', 'direction': 275, 'speed': 3}, {'layer': '500mb', 'direction': 260, 'speed': 4}, {'layer': '450mb', 'direction': 240, 'speed': 5}, {'layer': '400mb', 'direction': 220, 'speed': 5}, {'layer': '350mb', 'direction': 215, 'speed': 5}, {'layer': '300mb', 'direction': 220, 'speed': 5}, {'layer': '250mb', 'direction': 210, 'speed': 6}, {'layer': '200mb', 'direction': 210, 'speed': 6}]",26,-1,11,1010,rain,2,0,85,3,Papua New Guinea
33,15,13,11,4,1,-2,-2,-2,1,0,6,9,13,13,10,-1,33,85,80,75,70,55,25,270,270,275,265,240,230,210,205,215,215,33,102,7,-9999,-9999,-9999,"[{'layer': '950mb', 'rh': 15}, {'layer': '900mb', 'rh': 13}, {'layer': '850mb', 'rh': 11}, {'layer': '800mb', 'rh': 4}, {'layer': '750mb', 'rh': 1}, {'layer': '700mb', 'rh': -2}, {'layer': '650mb', 'rh': -2}, {'layer': '600mb', 'rh': -2}, {'layer': '550mb', 'rh': 1}, {'layer': '500mb', 'rh': 0}, {'layer': '450mb', 'rh': 6}, {'layer': '400mb', 'rh': 9}, {'layer': '350mb', 'rh': 13}, {'layer': '300mb', 'rh': 13}, {'layer': '250mb', 'rh': 10}, {'layer': '200mb', 'rh': -1}]","[{'layer': '950mb', 'direction': 85, 'speed': 4}, {'layer': '900mb', 'direction': 80, 'speed': 4}, {'layer': '850mb', 'direction': 75, 'speed': 4}, {'layer': '800mb', 'direction': 70, 'speed': 4}, {'layer': '750mb', 'direction': 55, 'speed': 3}, {'layer': '700mb', 'direction': 25, 'speed': 2}, {'layer': '650mb', 'direction': 270, 'speed': 2}, {'layer': '600mb', 'direction': 270, 'speed': 3}, {'layer': '550mb', 'direction': 275, 'speed': 3}, {'layer': '500mb', 'direction': 265, 'speed': 5}, {'layer': '450mb', 'direction': 240, 'speed': 4}, {'layer': '400mb', 'direction': 230, 'speed': 5}, {'layer': '350mb', 'direction': 210, 'speed': 4}, {'layer': '300mb', 'direction': 205, 'speed': 5}, {'layer': '250mb', 'direction': 215, 'speed': 6}, {'layer': '200mb', 'direction': 215, 'speed': 6}]",26,-1,12,1012,rain,2,0,85,3,Papua New Guinea
34,14,13,9,4,2,-1,-2,0,0,-2,6,11,14,6,15,1,34,85,80,80,75,60,20,305,280,280,265,250,220,220,220,215,210,34,105,6,-9999,-9999,-9999,"[{'layer': '950mb', 'rh': 14}, {'layer': '900mb', 'rh': 13}, {'layer': '850mb', 'rh': 9}, {'layer': '800mb', 'rh': 4}, {'layer': '750mb', 'rh': 2}, {'layer': '700mb', 'rh': -1}, {'layer': '650mb', 'rh': -2}, {'layer': '600mb', 'rh': 0}, {'layer': '550mb', 'rh': 0}, {'layer': '500mb', 'rh': -2}, {'layer': '450mb', 'rh': 6}, {'layer': '400mb', 'rh': 11}, {'layer': '350mb', 'rh': 14}, {'layer': '300mb', 'rh': 6}, {'layer': '250mb', 'rh': 15}, {'layer': '200mb', 'rh': 1}]","[{'layer': '950mb', 'direction': 85, 'speed': 4}, {'layer': '900mb', 'direction': 80, 'speed': 4}, {'layer': '850mb', 'direction': 80, 'speed': 4}, {'layer': '800mb', 'direction': 75, 'speed': 4}, {'layer': '750mb', 'direction': 60, 'speed': 3}, {'layer': '700mb', 'direction': 20, 'speed': 3}, {'layer': '650mb', 'direction': 305, 'speed': 3}, {'layer': '600mb', 'direction': 280, 'speed': 3}, {'layer': '550mb', 'direction': 280, 'speed': 4}, {'layer': '500mb', 'direction': 265, 'speed': 5}, {'layer': '450mb', 'direction': 250, 'speed': 4}, {'layer': '400mb', 'direction': 220, 'speed': 5}, {'layer': '350mb', 'direction': 220, 'speed': 4}, {'layer': '300mb', 'direction': 220, 'speed': 5}, {'layer': '250mb', 'direction': 215, 'speed': 6}, {'layer': '200mb', 'direction': 210, 'speed': 6}]",26,-1,11,1010,rain,2,0,90,3,Papua New Guinea
35,14,12,10,5,2,-1,-3,1,0,-3,7,12,11,9,9,3,35,85,80,75,70,55,15,305,275,270,265,245,235,235,225,225,210,35,108,4,-9999,-9999,-9999,"[{'layer': '950mb', 'rh': 14}, {'layer': '900mb', 'rh': 12}, {'layer': '850mb', 'rh': 10}, {'layer': '800mb', 'rh': 5}, {'layer': '750mb', 'rh': 2}, {'layer': '700mb', 'rh': -1}, {'layer': '650mb', 'rh': -3}, {'layer': '600mb', 'rh': 1}, {'layer': '550mb', 'rh': 0}, {'layer': '500mb', 'rh': -3}, {'layer': '450mb', 'rh': 7}, {'layer': '400mb', 'rh': 12}, {'layer': '350mb', 'rh': 11}, {'layer': '300mb', 'rh': 9}, {'layer': '250mb', 'rh': 9}, {'layer': '200mb', 'rh': 3}]","[{'layer': '950mb', 'direction': 85, 'speed': 4}, {'layer': '900mb', 'direction': 80, 'speed': 4}, {'layer': '850mb', 'direction': 75, 'speed': 5}, {'layer': '800mb', 'direction': 70, 'speed': 4}, {'layer': '750mb', 'direction': 55, 'speed': 3}, {'layer': '700mb', 'direction': 15, 'speed': 3}, {'layer': '650mb', 'direction': 305, 'speed': 3}, {'layer': '600mb', 'direction': 275, 'speed': 3}, {'layer': '550mb', 'direction': 270, 'speed': 4}, {'layer': '500mb', 'direction': 265, 'speed': 5}, {'layer': '450mb', 'direction': 245, 'speed': 4}, {'layer': '400mb', 'direction': 235, 'speed': 4}, {'layer': '350mb', 'direction': 235, 'speed': 5}, {'layer': '300mb', 'direction': 225, 'speed': 5}, {'layer': '250mb', 'direction': 225, 'speed': 6}, {'layer': '200mb', 'direction': 210, 'speed': 7}]",26,-1,11,1008,rain,2,0,85,3,Papua New Guinea
36,12,12,13,5,2,-1,-3,1,-1,-3,4,14,14,12,14,8,36,85,90,85,75,60,10,305,285,270,265,255,245,230,215,230,210,36,111,8,-9999,-9999,-9999,"[{'layer': '950mb', 'rh': 12}, {'layer': '900mb', 'rh': 12}, {'layer': '850mb', 'rh': 13}, {'layer': '800mb', 'rh': 5}, {'layer': '750mb', 'rh': 2}, {'layer': '700mb', 'rh': -1}, {'layer': '650mb', 'rh': -3}, {'layer': '600mb', 'rh': 1}, {'layer': '550mb', 'rh': -1}, {'layer': '500mb', 'rh': -3}, {'layer': '450mb', 'rh': 4}, {'layer': '400mb', 'rh': 14}, {'layer': '350mb', 'rh': 14}, {'layer': '300mb', 'rh': 12}, {'layer': '250mb', 'rh': 14}, {'layer': '200mb', 'rh': 8}]","[{'layer': '950mb', 'direction': 85, 'speed': 4}, {'layer': '900mb', 'direction': 90, 'speed': 5}, {'layer': '850mb', 'direction': 85, 'speed': 5}, {'layer': '800mb', 'direction': 75, 'speed': 5}, {'layer': '750mb', 'direction': 60, 'speed': 3}, {'layer': '700mb', 'direction': 10, 'speed': 3}, {'layer': '650mb', 'direction': 305, 'speed': 3}, {'layer': '600mb', 'direction': 285, 'speed': 4}, {'layer': '550mb', 'direction': 270, 'speed': 5}, {'layer': '500mb', 'direction': 265, 'speed': 5}, {'layer': '450mb', 'direction': 255, 'speed': 5}, {'layer': '400mb', 'direction': 245, 'speed': 5}, {'layer': '350mb', 'direction': 230, 'speed': 5}, {'layer': '300mb', 'direction': 215, 'speed': 5}, {'layer': '250mb', 'direction': 230, 'speed': 6}, {'layer': '200mb', 'direction': 210, 'speed': 7}]",26,-4,12,1009,rain,2,0,90,3,Papua New Guinea
37,10,11,11,6,3,1,-1,0,0,-1,11,15,16,11,10,10,37,95,95,90,85,70,25,320,295,280,265,255,245,240,240,215,210,37,114,9,-9999,-9999,-9999,"[{'layer': '950mb', 'rh': 10}, {'layer': '900mb', 'rh': 11}, {'layer': '850mb', 'rh': 11}, {'layer': '800mb', 'rh': 6}, {'layer': '750mb', 'rh': 3}, {'layer': '700mb', 'rh': 1}, {'layer': '650mb', 'rh': -1}, {'layer': '600mb', 'rh': 0}, {'layer': '550mb', 'rh': 0}, {'layer': '500mb', 'rh': -1}, {'layer': '450mb', 'rh': 11}, {'layer': '400mb', 'rh': 15}, {'layer': '350mb', 'rh': 16}, {'layer': '300mb', 'rh': 11}, {'layer': '250mb', 'rh': 10}, {'layer': '200mb', 'rh': 10}]","[{'layer': '950mb', 'direction': 95, 'speed': 5}, {'layer': '900mb', 'direction': 95, 'speed': 5}, {'layer': '850mb', 'direction': 90, 'speed': 5}, {'layer': '800mb', 'direction': 85, 'speed': 5}, {'layer': '750mb', 'direction': 70, 'speed': 4}, {'layer': '700mb', 'direction': 25, 'speed': 3}, {'layer': '650mb', 'direction': 320, 'speed': 3}, {'layer': '600mb', 'direction': 295, 'speed': 3}, {'layer': '550mb', 'direction': 280, 'speed': 4}, {'layer': '500mb', 'direction': 265, 'speed': 5}, {'layer': '450mb', 'direction': 255, 'speed': 5}, {'layer': '400mb', 'direction': 245, 'speed': 5}, {'layer': '350mb', 'direction': 240, 'speed': 5}, {'layer': '300mb', 'direction': 240, 'speed': 5}, {'layer': '250mb', 'direction': 215, 'speed': 6}, {'layer': '200mb', 'direction': 210, 'speed': 7}]",26,-1,11,1011,rain,3,0,95,3,Papua New Guinea
38,15,13,12,8,4,2,-1,-1,-1,-1,8,14,12,12,15,6,38,95,90,85,80,75,30,315,285,275,270,255,240,230,230,210,205,38,117,9,-9999,-9999,-9999,"[{'layer': '950mb', 'rh': 15}, {'layer': '900mb', 'rh': 13}, {'layer': '850mb', 'rh': 12}, {'layer': '800mb', 'rh': 8}, {'layer': '750mb', 'rh': 4}, {'layer': '700mb', 'rh': 2}, {'layer': '650mb', 'rh': -1}, {'layer': '600mb', 'rh': -1}, {'layer': '550mb', 'rh': -1}, {'layer': '500mb', 'rh': -1}, {'layer': '450mb', 'rh': 8}, {'layer': '400mb', 'rh': 14}, {'layer': '350mb', 'rh': 12}, {'layer': '300mb', 'rh': 12}, {'layer': '250mb', 'rh': 15}, {'layer': '200mb', 'rh': 6}]","[{'layer': '950mb', 'direction': 95, 'speed': 4}, {'layer': '900mb', 'direction': 90, 'speed': 5}, {'layer': '850mb', 'direction': 85, 'speed': 5}, {'layer': '800mb', 'direction': 80, 'speed': 5}, {'layer': '750mb', 'direction': 75, 'speed': 3}, {'layer': '700mb', 'direction': 30, 'speed': 3}, {'layer': '650mb', 'direction': 315, 'speed': 3}, {'layer': '600mb', 'direction': 285, 'speed': 3}, {'layer': '550mb', 'direction': 275, 'speed': 5}, {'layer': '500mb', 'direction': 270, 'speed': 5}, {'layer': '450mb', 'direction': 255, 'speed': 5}, {'layer': '400mb', 'direction': 240, 'speed': 5}, {'layer': '350mb', 'direction': 230, 'speed': 5}, {'layer': '300mb', 'direction': 230, 'speed': 5}, {'layer': '250mb', 'direction': 210, 'speed': 6}, {'layer': '200mb', 'direction': 205, 'speed': 7}]",26,-1,12,1012,rain,3,0,100,3,Papua New Guinea
39,15,13,11,9,6,3,1,1,0,0,7,15,14,15,15,7,39,85,85,85,80,75,45,320,285,275,275,255,240,235,220,215,215,39,120,9,-9999,-9999,-9999,"[{'layer': '950mb', 'rh': 15}, {'layer': '900mb', 'rh': 13}, {'layer': '850mb', 'rh': 11}, {'layer': '800mb', 'rh': 9}, {'layer': '750mb', 'rh': 6}, {'layer': '700mb', 'rh': 3}, {'layer': '650mb', 'rh': 1}, {'layer': '600mb', 'rh': 1}, {'layer': '550mb', 'rh': 0}, {'layer': '500mb', 'rh': 0}, {'layer': '450mb', 'rh': 7}, {'layer': '400mb', 'rh': 15}, {'layer': '350mb', 'rh': 14}, {'layer': '300mb', 'rh': 15}, {'layer': '250mb', 'rh': 15}, {'layer': '200mb', 'rh': 7}]","[{'layer': '950mb', 'direction': 85, 'speed': 4}, {'layer': '900mb', 'direction': 85, 'speed': 5}, {'layer': '850mb', 'direction': 85, 'speed': 5}, {'layer': '800mb', 'direction': 80, 'speed': 4}, {'layer': '750mb', 'direction': 75, 'speed': 3}, {'layer': '700mb', 'direction': 45, 'speed': 3}, {'layer': '650mb', 'direction': 320, 'speed': 3}, {'layer': '600mb', 'direction': 285, 'speed': 3}, {'layer': '550mb', 'direction': 275, 'speed': 5}, {'layer': '500mb', 'direction': 275, 'speed': 5}, {'layer': '450mb', 'direction': 255, 'speed': 5}, {'layer': '400mb', 'direction': 240, 'speed': 5}, {'layer': '350mb', 'direction': 235, 'speed': 5}, {'layer': '300mb', 'direction': 220, 'speed': 5}, {'layer': '250mb', 'direction': 215, 'speed': 6}, {'layer': '200mb', 'direction': 215, 'speed': 7}]",25,-1,12,1010,rain,3,0,90,3,Papua New Guinea
40,15,13,11,8,5,4,2,0,0,0,8,16,14,10,13,4,40,90,85,85,85,75,45,325,280,270,275,255,235,235,225,220,210,40,123,8,-9999,-9999,-9999,"[{'layer': '950mb', 'rh': 15}, {'layer': '900mb', 'rh': 13}, {'layer': '850mb', 'rh': 11}, {'layer': '800mb', 'rh': 8}, {'layer': '750mb', 'rh': 5}, {'layer': '700mb', 'rh': 4}, {'layer': '650mb', 'rh': 2}, {'layer': '600mb', 'rh': 0}, {'layer': '550mb', 'rh': 0}, {'layer': '500mb', 'rh': 0}, {'layer': '450mb', 'rh': 8}, {'layer': '400mb', 'rh': 16}, {'layer': '350mb', 'rh': 14}, {'layer': '300mb', 'rh': 10}, {'layer': '250mb', 'rh': 13}, {'layer': '200mb', 'rh': 4}]","[{'layer': '950mb', 'direction': 90, 'speed': 4}, {'layer': '900mb', 'direction': 85, 'speed': 4}, {'layer': '850mb', 'direction': 85, 'speed': 5}, {'layer': '800mb', 'direction': 85, 'speed': 4}, {'layer': '750mb', 'direction': 75, 'speed': 3}, {'layer': '700mb', 'direction': 45, 'speed': 3}, {'layer': '650mb', 'direction': 325, 'speed': 3}, {'layer': '600mb', 'direction': 280, 'speed': 3}, {'layer': '550mb', 'direction': 270, 'speed': 5}, {'layer': '500mb', 'direction': 275, 'speed': 5}, {'layer': '450mb', 'direction': 255, 'speed': 5}, {'layer': '400mb', 'direction': 235, 'speed': 5}, {'layer': '350mb', 'direction': 235, 'speed': 5}, {'layer': '300mb', 'direction': 225, 'speed': 5}, {'layer': '250mb', 'direction': 220, 'speed': 6}, {'layer': '200mb', 'direction': 210, 'speed': 7}]",25,-1,12,1011,rain,3,0,90,3,Papua New Guinea
41,15,12,11,7,4,3,2,0,-2,0,9,14,15,8,8,5,41,90,90,85,85,75,45,325,280,270,275,250,235,250,220,215,210,41,126,7,-9999,-9999,-9999,"[{'layer': '950mb', 'rh': 15}, {'layer': '900mb', 'rh': 12}, {'layer': '850mb', 'rh': 11}, {'layer': '800mb', 'rh': 7}, {'layer': '750mb', 'rh': 4}, {'layer': '700mb', 'rh': 3}, {'layer': '650mb', 'rh': 2}, {'layer': '600mb', 'rh': 0}, {'layer': '550mb', 'rh': -2}, {'layer': '500mb', 'rh': 0}, {'layer': '450mb', 'rh': 9}, {'layer': '400mb', 'rh': 14}, {'layer': '350mb', 'rh': 15}, {'layer': '300mb', 'rh': 8}, {'layer': '250mb', 'rh': 8}, {'layer': '200mb', 'rh': 5}]","[{'layer': '950mb', 'direction': 90, 'speed': 4}, {'layer': '900mb', 'direction': 90, 'speed': 5}, {'layer': '850mb', 'direction': 85, 'speed': 5}, {'layer': '800mb', 'direction': 85, 'speed': 4}, {'layer': '750mb', 'direction': 75, 'speed': 3}, {'layer': '700mb', 'direction': 45, 'speed': 3}, {'layer': '650mb', 'direction': 325, 'speed': 3}, {'layer': '600mb', 'direction': 280, 'speed': 3}, {'layer': '550mb', 'direction': 270, 'speed': 5}, {'layer': '500mb', 'direction': 275, 'speed': 5}, {'layer': '450mb', 'direction': 250, 'speed': 5}, {'layer': '400mb', 'direction': 235, 'speed': 5}, {'layer': '350mb', 'direction': 250, 'speed': 5}, {'layer': '300mb', 'direction': 220, 'speed': 6}, {'layer': '250mb', 'direction': 215, 'speed': 7}, {'layer': '200mb', 'direction': 210, 'speed': 7}]",25,-1,12,1012,rain,3,0,90,4,Papua New Guinea
42,14,12,10,7,5,2,1,-1,-1,-1,14,12,11,9,5,0,42,90,90,90,85,75,45,330,285,270,270,240,240,225,220,215,215,42,129,6,-9999,-9999,-9999,"[{'layer': '950mb', 'rh': 14}, {'layer': '900mb', 'rh': 12}, {'layer': '850mb', 'rh': 10}, {'layer': '800mb', 'rh': 7}, {'layer': '750mb', 'rh': 5}, {'layer': '700mb', 'rh': 2}, {'layer': '650mb', 'rh': 1}, {'layer': '600mb', 'rh': -1}, {'layer': '550mb', 'rh': -1}, {'layer': '500mb', 'rh': -1}, {'layer': '450mb', 'rh': 14}, {'layer': '400mb', 'rh': 12}, {'layer': '350mb', 'rh': 11}, {'layer': '300mb', 'rh': 9}, {'layer': '250mb', 'rh': 5}, {'layer': '200mb', 'rh': 0}]","[{'layer': '950mb', 'direction': 90, 'speed': 4}, {'layer': '900mb', 'direction': 90, 'speed': 5}, {'layer': '850mb', 'direction': 90, 'speed': 5}, {'layer': '800mb', 'direction': 85, 'speed': 5}, {'layer': '750mb', 'direction': 75, 'speed': 4}, {'layer': '700mb', 'direction': 45, 'speed': 3}, {'layer': '650mb', 'direction': 330, 'speed': 3}, {'layer': '600mb', 'direction': 285, 'speed': 3}, {'layer': '550mb', 'direction': 270, 'speed': 5}, {'layer': '500mb', 'direction': 270, 'speed': 5}, {'layer': '450mb', 'direction': 240, 'speed': 5}, {'layer': '400mb', 'direction': 240, 'speed': 5}, {'layer': '350mb', 'direction': 225, 'speed': 5}, {'layer': '300mb', 'direction': 220, 'speed': 6}, {'layer': '250mb', 'direction': 215, 'speed': 7}, {'layer': '200mb', 'direction': 215, 'speed': 6}]",26,-1,11,1011,rain,3,0,85,4,Papua New Guinea
43,14,13,11,8,5,2,0,-1,-2,5,13,15,10,11,5,1,43,80,85,85,85,80,40,315,275,265,265,245,245,225,215,215,215,43,132,4,-9999,-9999,-9999,"[{'layer': '950mb', 'rh': 14}, {'layer': '900mb', 'rh': 13}, {'layer': '850mb', 'rh': 11}, {'layer': '800mb', 'rh': 8}, {'layer': '750mb', 'rh': 5}, {'layer': '700mb', 'rh': 2}, {'layer': '650mb', 'rh': 0}, {'layer': '600mb', 'rh': -1}, {'layer': '550mb', 'rh': -2}, {'layer': '500mb', 'rh': 5}, {'layer': '450mb', 'rh': 13}, {'layer': '400mb', 'rh': 15}, {'layer': '350mb', 'rh': 10}, {'layer': '300mb', 'rh': 11}, {'layer': '250mb', 'rh': 5}, {'layer': '200mb', 'rh': 1}]","[{'layer': '950mb', 'direction': 80, 'speed': 5}, {'layer': '900mb', 'direction': 85, 'speed': 5}, {'layer': '850mb', 'direction': 85, 'speed': 5}, {'layer': '800mb', 'direction': 85, 'speed': 5}, {'layer': '750mb', 'direction': 80, 'speed': 4}, {'layer': '700mb', 'direction': 40, 'speed': 3}, {'layer': '650mb', 'direction': 315, 'speed': 3}, {'layer': '600mb', 'direction': 275, 'speed': 4}, {'layer': '550mb', 'direction': 265, 'speed': 5}, {'layer': '500mb', 'direction': 265, 'speed': 5}, {'layer': '450mb', 'direction': 245, 'speed': 4}, {'layer': '400mb', 'direction': 245, 'speed': 5}, {'layer': '350mb', 'direction': 225, 'speed': 5}, {'layer': '300mb', 'direction': 215, 'speed': 6}, {'layer': '250mb', 'direction': 215, 'speed': 6}, {'layer': '200mb', 'direction': 215, 'speed': 7}]",26,-1,12,1009,rain,3,0,85,4,Papua New Guinea
44,13,12,8,2,1,1,-1,-1,-2,1,13,12,11,16,9,1,44,80,90,90,95,90,50,290,270,265,265,245,230,235,220,210,215,44,135,3,-9999,-9999,-9999,"[{'layer': '950mb', 'rh': 13}, {'layer': '900mb', 'rh': 12}, {'layer': '850mb', 'rh': 8}, {'layer': '800mb', 'rh': 2}, {'layer': '750mb', 'rh': 1}, {'layer': '700mb', 'rh': 1}, {'layer': '650mb', 'rh': -1}, {'layer': '600mb', 'rh': -1}, {'layer': '550mb', 'rh': -2}, {'layer': '500mb', 'rh': 1}, {'layer': '450mb', 'rh': 13}, {'layer': '400mb', 'rh': 12}, {'layer': '350mb', 'rh': 11}, {'layer': '300mb', 'rh': 16}, {'layer': '250mb', 'rh': 9}, {'layer': '200mb', 'rh': 1}]","[{'layer': '950mb', 'direction': 80, 'speed': 5}, {'layer': '900mb', 'direction': 90, 'speed': 5}, {'layer': '850mb', 'direction': 90, 'speed': 5}, {'layer': '800mb', 'direction': 95, 'speed': 5}, {'layer': '750mb', 'direction': 90, 'speed': 4}, {'layer': '700mb', 'direction': 50, 'speed': 2}, {'layer': '650mb', 'direction': 290, 'speed': 3}, {'layer': '600mb', 'direction': 270, 'speed': 4}, {'layer': '550mb', 'direction': 265, 'speed': 5}, {'layer': '500mb', 'direction': 265, 'speed': 5}, {'layer': '450mb', 'direction': 245, 'speed': 4}, {'layer': '400mb', 'direction': 230, 'speed': 5}, {'layer': '350mb', 'direction': 235, 'speed': 5}, {'layer': '300mb', 'direction': 220, 'speed': 6}, {'layer': '250mb', 'direction': 210, 'speed': 6}, {'layer': '200mb', 'direction': 215, 'speed': 7}]",26,-1,12,1009,rain,3,0,80,4,Papua New Guinea
45,14,12,8,2,0,1,-1,0,-2,-1,13,14,12,11,5,4,45,85,85,90,95,90,70,290,270,265,260,240,235,235,230,210,215,45,138,3,-9999,-9999,-9999,"[{'layer': '950mb', 'rh': 14}, {'layer': '900mb', 'rh': 12}, {'layer': '850mb', 'rh': 8}, {'layer': '800mb', 'rh': 2}, {'layer': '750mb', 'rh': 0}, {'layer': '700mb', 'rh': 1}, {'layer': '650mb', 'rh': -1}, {'layer': '600mb', 'rh': 0}, {'layer': '550mb', 'rh': -2}, {'layer': '500mb', 'rh': -1}, {'layer': '450mb', 'rh': 13}, {'layer': '400mb', 'rh': 14}, {'layer': '350mb', 'rh': 12}, {'layer': '300mb', 'rh': 11}, {'layer': '250mb', 'rh': 5}, {'layer': '200mb', 'rh': 4}]","[{'layer': '950mb', 'direction': 85, 'speed': 5}, {'layer': '900mb', 'direction': 85, 'speed': 5}, {'layer': '850mb', 'direction': 90, 'speed': 5}, {'layer': '800mb', 'direction': 95, 'speed': 5}, {'layer': '750mb', 'direction': 90, 'speed': 5}, {'layer': '700mb', 'direction': 70, 'speed': 3}, {'layer': '650mb', 'direction': 290, 'speed': 3}, {'layer': '600mb', 'direction': 270, 'speed': 4}, {'layer': '550mb', 'direction': 265, 'speed': 5}, {'layer': '500mb', 'direction': 260, 'speed': 5}, {'layer': '450mb', 'direction': 240, 'speed': 4}, {'layer': '400mb', 'direction': 235, 'speed': 5}, {'layer': '350mb', 'direction': 235, 'speed': 5}, {'layer': '300mb', 'direction': 230, 'speed': 5}, {'layer': '250mb', 'direction': 210, 'speed': 6}, {'layer': '200mb', 'direction': 215, 'speed': 7}]",26,-1,12,1011,rain,3,0,80,4,Papua New Guinea
46,13,9,6,0,-1,1,0,1,-1,2,9,9,12,15,12,0,46,80,95,95,95,95,100,250,250,265,265,235,245,235,240,210,210,46,141,7,-9999,-9999,-9999,"[{'layer': '950mb', 'rh': 13}, {'layer': '900mb', 'rh': 9}, {'layer': '850mb', 'rh': 6}, {'layer': '800mb', 'rh': 0}, {'layer': '750mb', 'rh': -1}, {'layer': '700mb', 'rh': 1}, {'layer': '650mb', 'rh': 0}, {'layer': '600mb', 'rh': 1}, {'layer': '550mb', 'rh': -1}, {'layer': '500mb', 'rh': 2}, {'layer': '450mb', 'rh': 9}, {'layer': '400mb', 'rh': 9}, {'layer': '350mb', 'rh': 12}, {'layer': '300mb', 'rh': 15}, {'layer': '250mb', 'rh': 12}, {'layer': '200mb', 'rh': 0}]","[{'layer': '950mb', 'direction': 80, 'speed': 5}, {'layer': '900mb', 'direction': 95, 'speed': 5}, {'layer': '850mb', 'direction': 95, 'speed': 5}, {'layer': '800mb', 'direction': 95, 'speed': 5}, {'layer': '750mb', 'direction': 95, 'speed': 5}, {'layer': '700mb', 'direction': 100, 'speed': 3}, {'layer': '650mb', 'direction': 250, 'speed': 2}, {'layer': '600mb', 'direction': 250, 'speed': 3}, {'layer': '550mb', 'direction': 265, 'speed': 5}, {'layer': '500mb', 'direction': 265, 'speed': 5}, {'layer': '450mb', 'direction': 235, 'speed': 4}, {'layer': '400mb', 'direction': 245, 'speed': 5}, {'layer': '350mb', 'direction': 235, 'speed': 5}, {'layer': '300mb', 'direction': 240, 'speed': 5}, {'layer': '250mb', 'direction': 210, 'speed': 6}, {'layer': '200mb', 'direction': 210, 'speed': 6}]",26,-1,11,1011,rain,3,0,80,4,Papua New Guinea
47,13,13,9,-1,-1,1,0,3,2,0,10,8,13,14,11,-1,47,75,80,90,95,95,100,230,230,245,270,260,245,255,215,215,215,47,144,7,-9999,-9999,-9999,"[{'layer': '950mb', 'rh': 13}, {'layer': '900mb', 'rh': 13}, {'layer': '850mb', 'rh': 9}, {'layer': '800mb', 'rh': -1}, {'layer': '750mb', 'rh': -1}, {'layer': '700mb', 'rh': 1}, {'layer': '650mb', 'rh': 0}, {'layer': '600mb', 'rh': 3}, {'layer': '550mb', 'rh': 2}, {'layer': '500mb', 'rh': 0}, {'layer': '450mb', 'rh': 10}, {'layer': '400mb', 'rh': 8}, {'layer': '350mb', 'rh': 13}, {'layer': '300mb', 'rh': 14}, {'layer': '250mb', 'rh': 11}, {'layer': '200mb', 'rh': -1}]","[{'layer': '950mb', 'direction': 75, 'speed': 5}, {'layer': '900mb', 'direction': 80, 'speed': 5}, {'layer': '850mb', 'direction': 90, 'speed': 5}, {'layer': '800mb', 'direction': 95, 'speed': 5}, {'layer': '750mb', 'direction': 95, 'speed': 5}, {'layer': '700mb', 'direction': 100, 'speed': 3}, {'layer': '650mb', 'direction': 230, 'speed': 3}, {'layer': '600mb', 'direction': 230, 'speed': 3}, {'layer': '550mb', 'direction': 245, 'speed': 4}, {'layer': '500mb', 'direction': 270, 'speed': 5}, {'layer': '450mb', 'direction': 260, 'speed': 4}, {'layer': '400mb', 'direction': 245, 'speed': 5}, {'layer': '350mb', 'direction': 255, 'speed': 5}, {'layer': '300mb', 'direction': 215, 'speed': 6}, {'layer': '250mb', 'direction': 215, 'speed': 6}, {'layer': '200mb', 'direction': 215, 'speed': 6}]",26,-1,11,1009,rain,3,0,75,4,Papua New Guinea
48,14,13,12,7,-2,0,0,4,2,1,12,10,13,7,3,-1,48,75,80,90,90,95,110,220,240,245,260,270,245,255,225,205,210,48,147,3,-9999,-9999,-9999,"[{'layer': '950mb', 'rh': 14}, {'layer': '900mb', 'rh': 13}, {'layer': '850mb', 'rh': 12}, {'layer': '800mb', 'rh': 7}, {'layer': '750mb', 'rh': -2}, {'layer': '700mb', 'rh': 0}, {'layer': '650mb', 'rh': 0}, {'layer': '600mb', 'rh': 4}, {'layer': '550mb', 'rh': 2}, {'layer': '500mb', 'rh': 1}, {'layer': '450mb', 'rh': 12}, {'layer': '400mb', 'rh': 10}, {'layer': '350mb', 'rh': 13}, {'layer': '300mb', 'rh': 7}, {'layer': '250mb', 'rh': 3}, {'layer': '200mb', 'rh': -1}]","[{'layer': '950mb', 'direction': 75, 'speed': 4}, {'layer': '900mb', 'direction': 80, 'speed': 5}, {'layer': '850mb', 'direction': 90, 'speed': 5}, {'layer': '800mb', 'direction': 90, 'speed': 5}, {'layer': '750mb', 'direction': 95, 'speed': 5}, {'layer': '700mb', 'direction': 110, 'speed': 3}, {'layer': '650mb', 'direction': 220, 'speed': 2}, {'layer': '600mb', 'direction': 240, 'speed': 3}, {'layer': '550mb', 'direction': 245, 'speed': 4}, {'layer': '500mb', 'direction': 260, 'speed': 5}, {'layer': '450mb', 'direction': 270, 'speed': 4}, {'layer': '400mb', 'direction': 245, 'speed': 5}, {'layer': '350mb', 'direction': 255, 'speed': 5}, {'layer': '300mb', 'direction': 225, 'speed': 5}, {'layer': '250mb', 'direction': 205, 'speed': 6}, {'layer': '200mb', 'direction': 210, 'speed': 6}]",26,-1,11,1010,rain,3,0,80,4,Papua New Guinea
49,15,13,12,11,3,0,1,6,4,3,13,12,11,3,0,3,49,75,85,90,95,95,115,185,220,245,255,265,255,260,230,205,195,49,150,3,-9999,-9999,-9999,"[{'layer': '950mb', 'rh': 15}, {'layer': '900mb', 'rh': 13}, {'layer': '850mb', 'rh': 12}, {'layer': '800mb', 'rh': 11}, {'layer': '750mb', 'rh': 3}, {'layer': '700mb', 'rh': 0}, {'layer': '650mb', 'rh': 1}, {'layer': '600mb', 'rh': 6}, {'layer': '550mb', 'rh': 4}, {'layer': '500mb', 'rh': 3}, {'layer': '450mb', 'rh': 13}, {'layer': '400mb', 'rh': 12}, {'layer': '350mb', 'rh': 11}, {'layer': '300mb', 'rh': 3}, {'layer': '250mb', 'rh': 0}, {'layer': '200mb', 'rh': 3}]","[{'layer': '950mb', 'direction': 75, 'speed': 5}, {'layer': '900mb', 'direction': 85, 'speed': 5}, {'layer': '850mb', 'direction': 90, 'speed': 5}, {'layer': '800mb', 'direction': 95, 'speed': 5}, {'layer': '750mb', 'direction': 95, 'speed': 5}, {'layer': '700mb', 'direction': 115, 'speed': 3}, {'layer': '650mb', 'direction': 185, 'speed': 3}, {'layer': '600mb', 'direction': 220, 'speed': 3}, {'layer': '550mb', 'direction': 245, 'speed': 4}, {'layer': '500mb', 'direction': 255, 'speed': 5}, {'layer': '450mb', 'direction': 265, 'speed': 4}, {'layer': '400mb', 'direction': 255, 'speed': 5}, {'layer': '350mb', 'direction': 260, 'speed': 5}, {'layer': '300mb', 'direction': 230, 'speed': 5}, {'layer': '250mb', 'direction': 205, 'speed': 6}, {'layer': '200mb', 'direction': 195, 'speed': 7}]",25,-1,12,1012,rain,3,0,80,4,Papua New Guinea
50,15,14,10,9,3,0,3,11,8,6,12,11,12,2,2,4,50,80,85,95,100,90,105,185,205,225,240,260,265,265,235,205,195,50,153,3,-9999,-9999,-9999,"[{'layer': '950mb', 'rh': 15}, {'layer': '900mb', 'rh': 14}, {'layer': '850mb', 'rh': 10}, {'layer': '800mb', 'rh': 9}, {'layer': '750mb', 'rh': 3}, {'layer': '700mb', 'rh': 0}, {'layer': '650mb', 'rh': 3}, {'layer': '600mb', 'rh': 11}, {'layer': '550mb', 'rh': 8}, {'layer': '500mb', 'rh': 6}, {'layer': '450mb', 'rh': 12}, {'layer': '400mb', 'rh': 11}, {'layer': '350mb', 'rh': 12}, {'layer': '300mb', 'rh': 2}, {'layer': '250mb', 'rh': 2}, {'layer': '200mb', 'rh': 4}]","[{'layer': '950mb', 'direction': 80, 'speed': 4}, {'layer': '900mb', 'direction': 85, 'speed': 5}, {'layer': '850mb', 'direction': 95, 'speed': 5}, {'layer': '800mb', 'direction': 100, 'speed': 5}, {'layer': '750mb', 'direction': 90, 'speed': 5}, {'layer': '700mb', 'direction': 105, 'speed': 3}, {'layer': '650mb', 'direction': 185, 'speed': 2}, {'layer': '600mb', 'direction': 205, 'speed': 3}, {'layer': '550mb', 'direction': 225, 'speed': 4}, {'layer': '500mb', 'direction': 240, 'speed': 4}, {'layer': '450mb', 'direction': 260, 'speed': 4}, {'layer': '400mb', 'direction': 265, 'speed': 5}, {'layer': '350mb', 'direction': 265, 'speed': 5}, {'layer': '300mb', 'direction': 235, 'speed': 5}, {'layer': '250mb', 'direction': 205, 'speed': 6}, {'layer': '200mb', 'direction': 195, 'speed': 7}]",26,-4,11,1011,rain,3,0,80,4,Papua New Guinea
51,14,13,12,8,3,0,5,11,11,9,10,7,7,1,4,8,51,85,90,100,100,95,85,195,215,220,235,260,260,255,240,205,205,51,156,3,-9999,-9999,-9999,"[{'layer': '950mb', 'rh': 14}, {'layer': '900mb', 'rh': 13}, {'layer': '850mb', 'rh': 12}, {'layer': '800mb', 'rh': 8}, {'layer': '750mb', 'rh': 3}, {'layer': '700mb', 'rh': 0}, {'layer': '650mb', 'rh': 5}, {'layer': '600mb', 'rh': 11}, {'layer': '550mb', 'rh': 11}, {'layer': '500mb', 'rh': 9}, {'layer': '450mb', 'rh': 10}, {'layer': '400mb', 'rh': 7}, {'layer': '350mb', 'rh': 7}, {'layer': '300mb', 'rh': 1}, {'layer': '250mb', 'rh': 4}, {'layer': '200mb', 'rh': 8}]","[{'layer': '950mb', 'direction': 85, 'speed': 5}, {'layer': '900mb', 'direction': 90, 'speed': 5}, {'layer': '850mb', 'direction': 100, 'speed': 5}, {'layer': '800mb', 'direction': 100, 'speed': 5}, {'layer': '750mb', 'direction': 95, 'speed': 5}, {'layer': '700mb', 'direction': 85, 'speed': 3}, {'layer': '650mb', 'direction': 195, 'speed': 2}, {'layer': '600mb', 'direction': 215, 'speed': 3}, {'layer': '550mb', 'direction': 220, 'speed': 4}, {'layer': '500mb', 'direction': 235, 'speed': 4}, {'layer': '450mb', 'direction': 260, 'speed': 5}, {'layer': '400mb', 'direction': 260, 'speed': 5}, {'layer': '350mb', 'direction': 255, 'speed': 5}, {'layer': '300mb', 'direction': 240, 'speed': 5}, {'layer': '250mb', 'direction': 205, 'speed': 6}, {'layer': '200mb', 'direction': 205, 'speed': 7}]",26,-1,11,1008,rain,3,0,85,4,Papua New Guinea
52,14,11,9,5,3,0,7,11,11,11,11,10,3,4,8,4,52,85,95,100,105,100,90,185,225,230,235,250,245,245,250,205,210,52,159,3,-9999,-9999,-9999,"[{'layer': '950mb', 'rh': 14}, {'layer': '900mb', 'rh': 11}, {'layer': '850mb', 'rh': 9}, {'layer': '800mb', 'rh': 5}, {'layer': '750mb', 'rh': 3}, {'layer': '700mb', 'rh': 0}, {'layer': '650mb', 'rh': 7}, {'layer': '600mb', 'rh': 11}, {'layer': '550mb', 'rh': 11}, {'layer': '500mb', 'rh': 11}, {'layer': '450mb', 'rh': 11}, {'layer': '400mb', 'rh': 10}, {'layer': '350mb', 'rh': 3}, {'layer': '300mb', 'rh': 4}, {'layer': '250mb', 'rh': 8}, {'layer': '200mb', 'rh': 4}]","[{'layer': '950mb', 'direction': 85, 'speed': 5}, {'layer': '900mb', 'direction': 95, 'speed': 5}, {'layer': '850mb', 'direction': 100, 'speed': 5}, {'layer': '800mb', 'direction': 105, 'speed': 5}, {'layer': '750mb', 'direction': 100, 'speed': 5}, {'layer': '700mb', 'direction': 90, 'speed': 3}, {'layer': '650mb', 'direction': 185, 'speed': 2}, {'layer': '600mb', 'direction': 225, 'speed': 3}, {'layer': '550mb', 'direction': 230, 'speed': 3}, {'layer': '500mb', 'direction': 235, 'speed': 4}, {'layer': '450mb', 'direction': 250, 'speed': 5}, {'layer': '400mb', 'direction': 245, 'speed': 5}, {'layer': '350mb', 'direction': 245, 'speed': 5}, {'layer': '300mb', 'direction': 250, 'speed': 5}, {'layer': '250mb', 'direction': 205, 'speed': 6}, {'layer': '200mb', 'direction': 210, 'speed': 7}]",26,-4,12,1009,rain,3,0,85,4,Papua New Guinea
53,14,12,12,9,3,0,6,12,9,10,9,1,3,5,6,14,53,85,90,100,100,105,90,150,220,240,245,245,235,240,240,210,210,53,162,2,-9999,-9999,-9999,"[{'layer': '950mb', 'rh': 14}, {'layer': '900mb', 'rh': 12}, {'layer': '850mb', 'rh': 12}, {'layer': '800mb', 'rh': 9}, {'layer': '750mb', 'rh': 3}, {'layer': '700mb', 'rh': 0}, {'layer': '650mb', 'rh': 6}, {'layer': '600mb', 'rh': 12}, {'layer': '550mb', 'rh': 9}, {'layer': '500mb', 'rh': 10}, {'layer': '450mb', 'rh': 9}, {'layer': '400mb', 'rh': 1}, {'layer': '350mb', 'rh': 3}, {'layer': '300mb', 'rh': 5}, {'layer': '250mb', 'rh': 6}, {'layer': '200mb', 'rh': 14}]","[{'layer': '950mb', 'direction': 85, 'speed': 5}, {'layer': '900mb', 'direction': 90, 'speed': 5}, {'layer': '850mb', 'direction': 100, 'speed': 5}, {'layer': '800mb', 'direction': 100, 'speed': 5}, {'layer': '750mb', 'direction': 105, 'speed': 4}, {'layer': '700mb', 'direction': 90, 'speed': 3}, {'layer': '650mb', 'direction': 150, 'speed': 2}, {'layer': '600mb', 'direction': 220, 'speed': 3}, {'layer': '550mb', 'direction': 240, 'speed': 3}, {'layer': '500mb', 'direction': 245, 'speed': 4}, {'layer': '450mb', 'direction': 245, 'speed': 5}, {'layer': '400mb', 'direction': 235, 'speed': 5}, {'layer': '350mb', 'direction': 240, 'speed': 5}, {'layer': '300mb', 'direction': 240, 'speed': 6}, {'layer': '250mb', 'direction': 210, 'speed': 6}, {'layer': '200mb', 'direction': 210, 'speed': 7}]",26,-1,12,1011,rain,3,0,85,4,Papua New Guinea
54,13,12,12,9,3,0,8,11,9,12,5,2,5,10,3,2,54,85,90,95,100,105,100,155,235,245,250,250,230,235,240,200,205,54,165,2,-9999,-9999,-9999,"[{'layer': '950mb', 'rh': 13}, {'layer': '900mb', 'rh': 12}, {'layer': '850mb', 'rh': 12}, {'layer': '800mb', 'rh': 9}, {'layer': '750mb', 'rh': 3}, {'layer': '700mb', 'rh': 0}, {'layer': '650mb', 'rh': 8}, {'layer': '600mb', 'rh': 11}, {'layer': '550mb', 'rh': 9}, {'layer': '500mb', 'rh': 12}, {'layer': '450mb', 'rh': 5}, {'layer': '400mb', 'rh': 2}, {'layer': '350mb', 'rh': 5}, {'layer': '300mb', 'rh': 10}, {'layer': '250mb', 'rh': 3}, {'layer': '200mb', 'rh': 2}]","[{'layer': '950mb', 'direction': 85, 'speed': 5}, {'layer': '900mb', 'direction': 90, 'speed': 5}, {'layer': '850mb', 'direction': 95, 'speed': 5}, {'layer': '800mb', 'direction': 100, 'speed': 5}, {'layer': '750mb', 'direction': 105, 'speed': 4}, {'layer': '700mb', 'direction': 100, 'speed': 3}, {'layer': '650mb', 'direction': 155, 'speed': 2}, {'layer': '600mb', 'direction': 235, 'speed': 3}, {'layer': '550mb', 'direction': 245, 'speed': 3}, {'layer': '500mb', 'direction': 250, 'speed': 4}, {'layer': '450mb', 'direction': 250, 'speed': 5}, {'layer': '400mb', 'direction': 230, 'speed': 5}, {'layer': '350mb', 'direction': 235, 'speed': 5}, {'layer': '300mb', 'direction': 240, 'speed': 6}, {'layer': '250mb', 'direction': 200, 'speed': 6}, {'layer': '200mb', 'direction': 205, 'speed': 7}]",26,-4,12,1010,rain,3,0,80,4,Papua New Guinea
55,14,13,12,9,6,1,8,9,6,10,4,3,5,11,1,7,55,85,90,100,100,100,95,170,250,245,245,250,235,240,235,205,205,55,168,2,-9999,-9999,-9999,"[{'layer': '950mb', 'rh': 14}, {'layer': '900mb', 'rh': 13}, {'layer': '850mb', 'rh': 12}, {'layer': '800mb', 'rh': 9}, {'layer': '750mb', 'rh': 6}, {'layer': '700mb', 'rh': 1}, {'layer': '650mb', 'rh': 8}, {'layer': '600mb', 'rh': 9}, {'layer': '550mb', 'rh': 6}, {'layer': '500mb', 'rh': 10}, {'layer': '450mb', 'rh': 4}, {'layer': '400mb', 'rh': 3}, {'layer': '350mb', 'rh': 5}, {'layer': '300mb', 'rh': 11}, {'layer': '250mb', 'rh': 1}, {'layer': '200mb', 'rh': 7}]","[{'layer': '950mb', 'direction': 85, 'speed': 5}, {'layer': '900mb', 'direction': 90, 'speed': 5}, {'layer': '850mb', 'direction': 100, 'speed': 5}, {'layer': '800mb', 'direction': 100, 'speed': 5}, {'layer': '750mb', 'direction': 100, 'speed': 4}, {'layer': '700mb', 'direction': 95, 'speed': 3}, {'layer': '650mb', 'direction': 170, 'speed': 2}, {'layer': '600mb', 'direction': 250, 'speed': 3}, {'layer': '550mb', 'direction': 245, 'speed': 3}, {'layer': '500mb', 'direction': 245, 'speed': 4}, {'layer': '450mb', 'direction': 250, 'speed': 5}, {'layer': '400mb', 'direction': 235, 'speed': 5}, {'layer': '350mb', 'direction': 240, 'speed': 6}, {'layer': '300mb', 'direction': 235, 'speed': 6}, {'layer': '250mb', 'direction': 205, 'speed': 6}, {'layer': '200mb', 'direction': 205, 'speed': 7}]",25,-1,11,1008,rain,3,0,85,4,Papua New Guinea
56,13,12,12,11,5,0,8,7,3,8,5,6,7,11,5,1,56,85,90,95,100,100,90,175,245,250,245,240,235,240,240,200,200,56,171,3,-9999,-9999,-9999,"[{'layer': '950mb', 'rh': 13}, {'layer': '900mb', 'rh': 12}, {'layer': '850mb', 'rh': 12}, {'layer': '800mb', 'rh': 11}, {'layer': '750mb', 'rh': 5}, {'layer': '700mb', 'rh': 0}, {'layer': '650mb', 'rh': 8}, {'layer': '600mb', 'rh': 7}, {'layer': '550mb', 'rh': 3}, {'layer': '500mb', 'rh': 8}, {'layer': '450mb', 'rh': 5}, {'layer': '400mb', 'rh': 6}, {'layer': '350mb', 'rh': 7}, {'layer': '300mb', 'rh': 11}, {'layer': '250mb', 'rh': 5}, {'layer': '200mb', 'rh': 1}]","[{'layer': '950mb', 'direction': 85, 'speed': 5}, {'layer': '900mb', 'direction': 90, 'speed': 5}, {'layer': '850mb', 'direction': 95, 'speed': 5}, {'layer': '800mb', 'direction': 100, 'speed': 5}, {'layer': '750mb', 'direction': 100, 'speed': 4}, {'layer': '700mb', 'direction': 90, 'speed': 3}, {'layer': '650mb', 'direction': 175, 'speed': 2}, {'layer': '600mb', 'direction': 245, 'speed': 3}, {'layer': '550mb', 'direction': 250, 'speed': 3}, {'layer': '500mb', 'direction': 245, 'speed': 4}, {'layer': '450mb', 'direction': 240, 'speed': 5}, {'layer': '400mb', 'direction': 235, 'speed': 5}, {'layer': '350mb', 'direction': 240, 'speed': 6}, {'layer': '300mb', 'direction': 240, 'speed': 5}, {'layer': '250mb', 'direction': 200, 'speed': 7}, {'layer': '200mb', 'direction': 200, 'speed': 7}]",25,-4,11,1009,rain,3,0,85,4,Papua New Guinea
57,14,13,10,8,3,0,8,6,3,5,5,8,9,11,1,9,57,80,80,90,100,95,85,150,240,250,240,240,235,240,235,200,200,57,174,2,-9999,-9999,-9999,"[{'layer': '950mb', 'rh': 14}, {'layer': '900mb', 'rh': 13}, {'layer': '850mb', 'rh': 10}, {'layer': '800mb', 'rh': 8}, {'layer': '750mb', 'rh': 3}, {'layer': '700mb', 'rh': 0}, {'layer': '650mb', 'rh': 8}, {'layer': '600mb', 'rh': 6}, {'layer': '550mb', 'rh': 3}, {'layer': '500mb', 'rh': 5}, {'layer': '450mb', 'rh': 5}, {'layer': '400mb', 'rh': 8}, {'layer': '350mb', 'rh': 9}, {'layer': '300mb', 'rh': 11}, {'layer': '250mb', 'rh': 1}, {'layer': '200mb', 'rh': 9}]","[{'layer': '950mb', 'direction': 80, 'speed': 4}, {'layer': '900mb', 'direction': 80, 'speed': 5}, {'layer': '850mb', 'direction': 90, 'speed': 5}, {'layer': '800mb', 'direction': 100, 'speed': 5}, {'layer': '750mb', 'direction': 95, 'speed': 4}, {'layer': '700mb', 'direction': 85, 'speed': 3}, {'layer': '650mb', 'direction': 150, 'speed': 2}, {'layer': '600mb', 'direction': 240, 'speed': 3}, {'layer': '550mb', 'direction': 250, 'speed': 3}, {'layer': '500mb', 'direction': 240, 'speed': 4}, {'layer': '450mb', 'direction': 240, 'speed': 5}, {'layer': '400mb', 'direction': 235, 'speed': 5}, {'layer': '350mb', 'direction': 240, 'speed': 6}, {'layer': '300mb', 'direction': 235, 'speed': 5}, {'layer': '250mb', 'direction': 200, 'speed': 7}, {'layer': '200mb', 'direction': 200, 'speed': 7}]",26,-4,11,1011,rain,3,0,80,4,Papua New Guinea
58,14,13,12,10,4,0,7,4,3,3,5,8,10,15,0,14,58,75,80,85,90,90,70,0,260,260,245,230,225,235,245,195,205,58,177,4,-9999,-9999,-9999,"[{'layer': '950mb', 'rh': 14}, {'layer': '900mb', 'rh': 13}, {'layer': '850mb', 'rh': 12}, {'layer': '800mb', 'rh': 10}, {'layer': '750mb', 'rh': 4}, {'layer': '700mb', 'rh': 0}, {'layer': '650mb', 'rh': 7}, {'layer': '600mb', 'rh': 4}, {'layer': '550mb', 'rh': 3}, {'layer': '500mb', 'rh': 3}, {'layer': '450mb', 'rh': 5}, {'layer': '400mb', 'rh': 8}, {'layer': '350mb', 'rh': 10}, {'layer': '300mb', 'rh': 15}, {'layer': '250mb', 'rh': 0}, {'layer': '200mb', 'rh': 14}]","[{'layer': '950mb', 'direction': 75, 'speed': 4}, {'layer': '900mb', 'direction': 80, 'speed': 5}, {'layer': '850mb', 'direction': 85, 'speed': 5}, {'layer': '800mb', 'direction': 90, 'speed': 5}, {'layer': '750mb', 'direction': 90, 'speed': 4}, {'layer': '700mb', 'direction': 70, 'speed': 3}, {'layer': '650mb', 'direction': 0, 'speed': 2}, {'layer': '600mb', 'direction': 260, 'speed': 3}, {'layer': '550mb', 'direction': 260, 'speed': 3}, {'layer': '500mb', 'direction': 245, 'speed': 4}, {'layer': '450mb', 'direction': 230, 'speed': 5}, {'layer': '400mb', 'direction': 225, 'speed': 5}, {'layer': '350mb', 'direction': 235, 'speed': 6}, {'layer': '300mb', 'direction': 245, 'speed': 6}, {'layer': '250mb', 'direction': 195, 'speed': 7}, {'layer': '200mb', 'direction': 205, 'speed': 7}]",26,-1,11,1010,rain,3,0,75,4,Papua New Guinea
59,14,13,12,11,2,0,6,4,3,4,5,7,11,12,1,10,59,75,80,85,90,85,80,145,245,265,255,245,230,235,240,200,200,59,180,4,-9999,-9999,-9999,"[{'layer': '950mb', 'rh': 14}, {'layer': '900mb', 'rh': 13}, {'layer': '850mb', 'rh': 12}, {'layer': '800mb', 'rh': 11}, {'layer': '750mb', 'rh': 2}, {'layer': '700mb', 'rh': 0}, {'layer': '650mb', 'rh': 6}, {'layer': '600mb', 'rh': 4}, {'layer': '550mb', 'rh': 3}, {'layer': '500mb', 'rh': 4}, {'layer': '450mb', 'rh': 5}, {'layer': '400mb', 'rh': 7}, {'layer': '350mb', 'rh': 11}, {'layer': '300mb', 'rh': 12}, {'layer': '250mb', 'rh': 1}, {'layer': '200mb', 'rh': 10}]","[{'layer': '950mb', 'direction': 75, 'speed': 4}, {'layer': '900mb', 'direction': 80, 'speed': 5}, {'layer': '850mb', 'direction': 85, 'speed': 5}, {'layer': '800mb', 'direction': 90, 'speed': 5}, {'layer': '750mb', 'direction': 85, 'speed': 4}, {'layer': '700mb', 'direction': 80, 'speed': 3}, {'layer': '650mb', 'direction': 145, 'speed': 2}, {'layer': '600mb', 'direction': 245, 'speed': 3}, {'layer': '550mb', 'direction': 265, 'speed': 3}, {'layer': '500mb', 'direction': 255, 'speed': 4}, {'layer': '450mb', 'direction': 245, 'speed': 5}, {'layer': '400mb', 'direction': 230, 'speed': 5}, {'layer': '350mb', 'direction': 235, 'speed': 6}, {'layer': '300mb', 'direction': 240, 'speed': 6}, {'layer': '250mb', 'direction': 200, 'speed': 7}, {'layer': '200mb', 'direction': 200, 'speed': 7}]",26,-1,11,1007,rain,3,0,75,3,Papua New Guinea
60,14,13,10,9,3,0,6,3,3,5,5,6,5,11,2,10,60,70,80,85,85,85,85,145,230,245,250,245,240,225,245,190,200,60,183,2,-9999,-9999,-9999,"[{'layer': '950mb', 'rh': 14}, {'layer': '900mb', 'rh': 13}, {'layer': '850mb', 'rh': 10}, {'layer': '800mb', 'rh': 9}, {'layer': '750mb', 'rh': 3}, {'layer': '700mb', 'rh': 0}, {'layer': '650mb', 'rh': 6}, {'layer': '600mb', 'rh': 3}, {'layer': '550mb', 'rh': 3}, {'layer': '500mb', 'rh': 5}, {'layer': '450mb', 'rh': 5}, {'layer': '400mb', 'rh': 6}, {'layer': '350mb', 'rh': 5}, {'layer': '300mb', 'rh': 11}, {'layer': '250mb', 'rh': 2}, {'layer': '200mb', 'rh': 10}]","[{'layer': '950mb', 'direction': 70, 'speed': 4}, {'layer': '900mb', 'direction': 80, 'speed': 5}, {'layer': '850mb', 'direction': 85, 'speed': 5}, {'layer': '800mb', 'direction': 85, 'speed': 5}, {'layer': '750mb', 'direction': 85, 'speed': 4}, {'layer': '700mb', 'direction': 85, 'speed': 3}, {'layer': '650mb', 'direction': 145, 'speed': 2}, {'layer': '600mb', 'direction': 230, 'speed': 3}, {'layer': '550mb', 'direction': 245, 'speed': 3}, {'layer': '500mb', 'direction': 250, 'speed': 4}, {'layer': '450mb', 'direction': 245, 'speed': 5}, {'layer': '400mb', 'direction': 240, 'speed': 5}, {'layer': '350mb', 'direction': 225, 'speed': 6}, {'layer': '300mb', 'direction': 245, 'speed': 6}, {'layer': '250mb', 'direction': 190, 'speed': 7}, {'layer': '200mb', 'direction': 200, 'speed': 7}]",26,-4,11,1008,rain,3,0,75,3,Papua New Guinea
61,14,13,10,8,4,0,5,3,4,5,4,4,6,2,6,11,61,75,85,90,90,90,85,105,240,255,255,250,235,230,230,200,190,61,186,2,-9999,-9999,-9999,"[{'layer': '950mb', 'rh': 14}, {'layer': '900mb', 'rh': 13}, {'layer': '850mb', 'rh': 10}, {'layer': '800mb', 'rh': 8}, {'layer': '750mb', 'rh': 4}, {'layer': '700mb', 'rh': 0}, {'layer': '650mb', 'rh': 5}, {'layer': '600mb', 'rh': 3}, {'layer': '550mb', 'rh': 4}, {'layer': '500mb', 'rh': 5}, {'layer': '450mb', 'rh': 4}, {'layer': '400mb', 'rh': 4}, {'layer': '350mb', 'rh': 6}, {'layer': '300mb', 'rh': 2}, {'layer': '250mb', 'rh': 6}, {'layer': '200mb', 'rh': 11}]","[{'layer': '950mb', 'direction': 75, 'speed': 4}, {'layer': '900mb', 'direction': 85, 'speed': 5}, {'layer': '850mb', 'direction': 90, 'speed': 5}, {'layer': '800mb', 'direction': 90, 'speed': 5}, {'layer': '750mb', 'direction': 90, 'speed': 5}, {'layer': '700mb', 'direction': 85, 'speed': 4}, {'layer': '650mb', 'direction': 105, 'speed': 2}, {'layer': '600mb', 'direction': 240, 'speed': 3}, {'layer': '550mb', 'direction': 255, 'speed': 3}, {'layer': '500mb', 'direction': 255, 'speed': 4}, {'layer': '450mb', 'direction': 250, 'speed': 5}, {'layer': '400mb', 'direction': 235, 'speed': 5}, {'layer': '350mb', 'direction': 230, 'speed': 6}, {'layer': '300mb', 'direction': 230, 'speed': 6}, {'layer': '250mb', 'direction': 200, 'speed': 7}, {'layer': '200mb', 'direction': 190, 'speed': 7}]",26,-1,11,1010,rain,3,0,75,4,Papua New Guinea
62,14,12,13,4,2,1,3,5,6,7,5,4,4,1,6,3,62,75,90,90,95,95,85,90,235,265,260,250,235,225,240,190,200,62,189,1,-9999,-9999,-9999,"[{'layer': '950mb', 'rh': 14}, {'layer': '900mb', 'rh': 12}, {'layer': '850mb', 'rh': 13}, {'layer': '800mb', 'rh': 4}, {'layer': '750mb', 'rh': 2}, {'layer': '700mb', 'rh': 1}, {'layer': '650mb', 'rh': 3}, {'layer': '600mb', 'rh': 5}, {'layer': '550mb', 'rh': 6}, {'layer': '500mb', 'rh': 7}, {'layer': '450mb', 'rh': 5}, {'layer': '400mb', 'rh': 4}, {'layer': '350mb', 'rh': 4}, {'layer': '300mb', 'rh': 1}, {'layer': '250mb', 'rh': 6}, {'layer': '200mb', 'rh': 3}]","[{'layer': '950mb', 'direction': 75, 'speed': 4}, {'layer': '900mb', 'direction': 90, 'speed': 5}, {'layer': '850mb', 'direction': 90, 'speed': 5}, {'layer': '800mb', 'direction': 95, 'speed': 5}, {'layer': '750mb', 'direction': 95, 'speed': 5}, {'layer': '700mb', 'direction': 85, 'speed': 4}, {'layer': '650mb', 'direction': 90, 'speed': 3}, {'layer': '600mb', 'direction': 235, 'speed': 2}, {'layer': '550mb', 'direction': 265, 'speed': 3}, {'layer': '500mb', 'direction': 260, 'speed': 4}, {'layer': '450mb', 'direction': 250, 'speed': 4}, {'layer': '400mb', 'direction': 235, 'speed': 5}, {'layer': '350mb', 'direction': 225, 'speed': 5}, {'layer': '300mb', 'direction': 240, 'speed': 5}, {'layer': '250mb', 'direction': 190, 'speed': 7}, {'layer': '200mb', 'direction': 200, 'speed': 7}]",26,-1,11,1010,rain,3,0,80,3,Papua New Guinea
63,13,13,5,1,1,1,4,6,7,7,5,4,7,3,13,3,63,80,85,90,90,90,85,90,230,265,260,250,245,225,235,205,215,63,192,1,-9999,-9999,-9999,"[{'layer': '950mb', 'rh': 13}, {'layer': '900mb', 'rh': 13}, {'layer': '850mb', 'rh': 5}, {'layer': '800mb', 'rh': 1}, {'layer': '750mb', 'rh': 1}, {'layer': '700mb', 'rh': 1}, {'layer': '650mb', 'rh': 4}, {'layer': '600mb', 'rh': 6}, {'layer': '550mb', 'rh': 7}, {'layer': '500mb', 'rh': 7}, {'layer': '450mb', 'rh': 5}, {'layer': '400mb', 'rh': 4}, {'layer': '350mb', 'rh': 7}, {'layer': '300mb', 'rh': 3}, {'layer': '250mb', 'rh': 13}, {'layer': '200mb', 'rh': 3}]","[{'layer': '950mb', 'direction': 80, 'speed': 4}, {'layer': '900mb', 'direction': 85, 'speed': 5}, {'layer': '850mb', 'direction': 90, 'speed': 5}, {'layer': '800mb', 'direction': 90, 'speed': 5}, {'layer': '750mb', 'direction': 90, 'speed': 5}, {'layer': '700mb', 'direction': 85, 'speed': 4}, {'layer': '650mb', 'direction': 90, 'speed': 2}, {'layer': '600mb', 'direction': 230, 'speed': 2}, {'layer': '550mb', 'direction': 265, 'speed': 3}, {'layer': '500mb', 'direction': 260, 'speed': 4}, {'layer': '450mb', 'direction': 250, 'speed': 5}, {'layer': '400mb', 'direction': 245, 'speed': 5}, {'layer': '350mb', 'direction': 225, 'speed': 5}, {'layer': '300mb', 'direction': 235, 'speed': 5}, {'layer': '250mb', 'direction': 205, 'speed': 6}, {'layer': '200mb', 'direction': 215, 'speed': 6}]",25,-1,11,1008,rain,3,0,70,4,Papua New Guinea
